Time (s),Accelerometer_X (m/s^2)_kalman,Accelerometer_Y (m/s^2)_kalman,Accelerometer_Z (m/s^2)_kalman,Gyroscope_X (rad/s)_kalman,Gyroscope_Y (rad/s)_kalman,Gyroscope_Z (rad/s)_kalman,Linear Accelerometer_X (m/s^2)_kalman,Linear Accelerometer_Y (m/s^2)_kalman,Linear Accelerometer_Z (m/s^2)_kalman,Magnetometer_X (µT)_kalman,Magnetometer_Y (µT)_kalman,Magnetometer_Z (µT)_kalman,Barometer_X (hPa)_kalman
11,4.3731649567,0.8798283874499999,8.72903487858,-0.1515873365162,0.012011751718466,-0.2237416574376,-0.978946773586,0.986992992572,0.48180307362466,0.8947441863762,24.9202867894,28.434825058,1007.684479
12,4.638116613006627,0.7121190429116165,8.57314957781197,-0.18444205861313068,-0.00440984386588196,-0.2550609985653318,-0.6611258442537691,0.7742145206049239,0.31412424592434907,-2.278421541515658,22.907614411087525,31.19011351665503,1007.684479
13,4.834042877664257,0.13591340152120146,8.410658673057625,-0.10428445463639557,0.0026989538752056315,-0.1311118497910535,-0.468465550078645,0.3544848250181678,0.16375764502917395,-2.822222155366688,22.455238323684657,31.66676315573664,1007.6841603292793
14,4.997275179595494,-0.5751827594201117,8.311130439972189,-0.0009767411633993528,-0.0037480869498857667,0.01755420991214629,-0.26107344073801664,-0.28758957900260307,0.03810489646857934,-2.555047725361453,23.057086358754,31.556149838029672,1007.6840482770166
15,5.007999101280325,-1.247257777726862,8.247767277096855,0.10882908054032162,-0.009463239979040194,0.17070808546907426,-0.2574470490071765,-0.9664101964736725,-0.01962484666567304,-0.9819051789824504,24.05133888723001,30.45567769769341,1007.6822248344887
16,5.03452201034535,-1.5035192447115087,8.257041142335918,0.16424486086860987,-0.006257717945780412,0.247807254589784,-0.243686024032087,-1.285720373369684,-0.010373251664714886,2.056099879487637,24.484773831553373,28.28097770480737,1007.6791612831435
17,5.025431910579338,-1.1121196990401077,8.275123935841556,0.1269691556837466,-0.005242437138237853,0.19317031203865348,-0.2204745401085383,-0.9453796166834079,-0.002606489603094261,4.813296630605786,23.939654368024783,26.23561082026626,1007.674805415379
18,5.0710684221665,-0.8943647078169038,8.24122869342002,0.09759595057403976,-0.004873435797450555,0.14617892600051996,-0.18102784489050092,-0.7715966635266382,-0.0463759378383092,6.565967997766235,23.79846472503088,25.098396170830924,1007.6717679531275
19,5.192105054805122,-0.6842053751536511,8.166441047009007,0.07865716982257509,-0.003772063345472797,0.10958147274291359,-0.06303192974937342,-0.6055596454489096,-0.11191943429761825,8.04116782410434,24.12005865138791,23.69803844108786,1007.6699180417332
20,5.243463988908114,-0.5111237123746104,8.140049668235534,0.054783267917949005,-0.004352062469691808,0.08612920229079027,-0.014333616885357753,-0.46539553226874303,-0.13986507089321049,9.394479965609646,23.675142947601124,22.58484895230526,1007.6713280400186
21,5.257804947554109,-0.4120407566688485,8.136520818220632,0.03123327507990727,-0.000757290736904954,0.06023755877994512,0.013210270325521897,-0.3083312903469708,-0.13908750365463593,10.296680960210438,23.38720026374512,21.93912943224513,1007.6757034712782
22,5.275859679482118,-0.268988992456875,8.149851544643003,0.014135830428809254,0.002741146560615487,0.021094651567989647,0.04399159168433738,-0.1301342842918693,-0.14277052668150952,10.82200686378284,23.549860000121623,21.744648747837157,1007.6805587012993
23,5.24795869944508,-0.30898371869410846,8.171986576458929,0.016538580400617488,0.0029438468150542896,0.021742144890361963,0.043378671662126375,-0.18086982827222065,-0.14654846605067126,11.042921423685037,23.28390333389119,21.61043695100706,1007.6840954176402
24,5.250729067675854,-0.2717845834926649,8.148623275902775,0.019347700783553395,0.00032437659089942046,0.023297894753727972,0.06220218952033231,-0.17092716946856154,-0.17836097329252987,11.372552837221944,22.972180344551955,21.40948382511516,1007.686674012224
25,5.244667789810203,-0.23605185390078443,8.133414285753824,0.012425012796666902,-0.0009589504590709094,0.019717743649372496,0.062157044367879284,-0.1500590047739483,-0.1963392259854496,11.719370035714785,22.81095048060137,21.306889382604524,1007.6873590937493
26,5.262997457237044,-0.1979569278265807,8.12769191733563,0.011316905491057103,-0.0018018293886347247,0.014210030435677857,0.06114847483880652,-0.1213349932256519,-0.19160675715398262,11.736186340321359,22.521278450546838,21.391776816003603,1007.6855086950355
27,5.33092382769767,-0.17315142810325668,8.07949075036329,0.009284239032908113,-0.002823084735358772,0.009840429302456755,0.11306291873786484,-0.11256990320118222,-0.2250919579276695,11.788939303963144,22.22658375605434,21.30129028589125,1007.6819323658392
28,5.376976269867189,-0.1407997362314743,8.061747423098833,0.005730481275002411,0.003733259862087234,0.007927522109565453,0.14017201646361632,-0.0897112498466288,-0.22445273491490678,11.36754077063624,21.741579628834618,20.953151861795227,1007.6776733000335
29,5.350848049128902,-0.09875000166267983,8.070782260517014,0.0018008558947575793,0.0021749776640684997,0.0018736988892513783,0.11113190191092935,-0.04269412195095479,-0.21323211010509527,11.391492096653403,21.240874559117135,20.62060249249276,1007.6745649845045
30,5.47231179011126,-0.08252782788783496,8.008621879775419,-0.0016850765579269128,-0.0018736019990178874,-0.004342074949710513,0.2134515399160914,-0.03349865934970987,-0.2671441672589504,11.24077380777991,20.16969571553063,19.9403989711601,1007.6724820531509
31,5.555397357184842,-0.08954129281826367,7.931264074038017,-0.0015724128966364305,-0.002335121779035219,-0.0027607707210064603,0.2643918490246141,-0.04791619589145064,-0.3206813936122245,11.406911028869558,20.56981599642772,19.654233245319038,1007.6732495587031
32,5.37839921169955,-0.308502722233032,8.053669349851443,0.017666651117132778,0.0030330204888782044,0.03261115900278995,0.07568797611360956,-0.2631497273215701,-0.18601289687395964,11.659373293686153,20.878165106665275,19.3971148465351,1007.6760152787975
33,5.31088567898624,-0.799016752642447,8.088218360563953,0.06922041682359803,0.0012411487018279355,0.11885012228798701,0.02806742294614647,-0.7038006042176019,-0.15948588619810505,12.356226739663578,20.369028289324643,18.86646787994882,1007.6798476481615
34,5.183242335249486,-1.270026602409827,8.138197965146704,0.12909614705882455,-0.004015170092860994,0.2101359298375176,-0.09683682875306204,-1.1515311655778102,-0.11002656655586585,13.057916013462037,18.225364447168047,18.049367062081426,1007.683736916721
35,4.994925638064513,-1.483350592122772,8.229829370325934,0.15028288880354335,-0.013573604726899745,0.24683875653047987,-0.32560656395554965,-1.2842773370473695,-0.005370614703127954,12.829052077540632,14.759749422545612,17.572326953775917,1007.6865754723577
36,4.847117748556541,-1.3026704714065054,8.339635854436038,0.12306012052142212,-0.011077438207772548,0.2014887422062267,-0.5022548436083569,-1.0327717516958805,0.12366641700652363,12.152744267923303,11.596145624845,17.601537881932956,1007.6878639903181
37,4.951072152102951,-1.143042902753824,8.28414308714657,0.09125627158198582,-0.01186999044903423,0.15209555027051863,-0.41450738245381724,-0.8012286225169559,0.09064557376476066,11.598783123284282,9.357759630795286,17.803094826511405,1007.6864959216279
38,4.883340040042888,-0.9854090352909917,8.34363231044018,0.06711374023937354,-0.006581590291367171,0.11066971119343685,-0.5126807286228062,-0.5739186183059956,0.15761421933906122,11.199557550573672,7.584200189592353,17.989758324001123,1007.6854974453447
39,4.93189959988059,-0.9072214039263964,8.316541731640998,0.04736941496195994,-0.004554402116551578,0.08372691214087896,-0.4365374561760801,-0.4212522985595218,0.12618322898608786,10.981293738108652,6.413040496777859,18.22164035418473,1007.6848305794667
40,5.117635990269832,-0.7770949751080504,8.207804105138415,0.043957902584243376,-0.00029935569577910996,0.05600332710003745,-0.23379510086821448,-0.3463881207421519,0.013680489264421739,10.805950036773586,5.682707059348451,18.408998769914227,1007.6844057373435
41,5.273744731272162,-0.6514011669145009,8.102952901987928,0.03400091320099557,0.0011847244089346792,0.042391977797527736,-0.08412721540429216,-0.262544581073155,-0.0894140003723876,10.951267432309386,4.961302468847993,18.44488598924792,1007.6854559055128
42,5.399115160767964,-0.5474613482696162,8.032215581696297,0.024918430612075118,0.00023941772878010366,0.03177149452777411,0.03628156073375126,-0.19677076479004418,-0.1629162897769841,10.972136770122948,4.196597819376606,18.590782517656407,1007.6862223642181
43,5.371372577083471,-0.43950581438428055,8.076193485061383,0.016540568467593816,0.00329170033215218,0.01654712377991415,-0.012701050898783248,-0.1071454290820675,-0.12153373964991188,10.821710820402473,3.6089362270848415,18.546680232810374,1007.6861636419242
44,5.2183365340481975,-0.30873503249040246,8.09813694386969,0.010383048946837926,0.00203041015152144,0.006581827740720143,-0.1242589256307796,-0.06430980079272464,-0.12545435952946005,11.01980823610227,3.252189994921885,18.532476914800032,1007.6843688207849
45,5.133855759302906,-0.3732780892180294,8.233342336363298,0.005211067849966873,0.0017597678769753974,0.016499920713539465,-0.20769224814109508,-0.11969239914466753,0.010323670302890026,11.048205956964548,3.2185624450614374,18.507943604917713,1007.6819869018781
46,5.293046586695125,-0.3890831537972925,8.09757110995546,0.01118526749689137,-0.0037420486757341106,0.010635667696489801,-0.06989245556476634,-0.10204312417160255,-0.1135379715092673,10.182827478754493,2.7408828737776796,17.705101279160644,1007.6792591611134
47,5.441033660162941,-0.2936810253961312,7.992866898794054,0.009490310526482922,-0.002249762814831352,0.004706393610356496,0.06434722673980156,-0.060909912014926966,-0.21395466563526888,9.864277358800745,2.2809715901531025,17.56267315804316,1007.6765883532761
48,5.2398016174722715,-0.2739544064025348,8.16657528616591,0.001173364260103454,0.0013183709165310946,0.005125145363468581,-0.1729730989466408,-0.052753058338609736,-0.014004292382032074,9.935651322341835,2.342023410222393,17.99003326345383,1007.6744121495493
49,5.0229945084599406,-0.25205971386246934,8.299997125649247,0.002213857197868246,-0.0030992352172635657,0.0006864513955078507,-0.36293673175628105,-0.041540359582717234,0.08720771506669762,10.1828056715176,2.349453175129798,18.298449870886166,1007.6722468071092
50,5.051660100359347,-0.25520134498315716,8.270312209613607,0.0024439100745936573,-0.0051757575764729905,0.0001619489750649978,-0.31027515580734955,-0.06390999780257577,0.03820029210848626,10.523238520791846,2.3810913795271955,18.564182517808984,1007.6701512574842
51,5.234957244369627,-0.26169471859860327,8.152124248522112,0.0005926658468786644,-0.004668085637649672,0.0021767042714596996,-0.14965185303021317,-0.05803953135413036,-0.06582062518920256,10.582513645816668,2.320122092103881,18.721890615332192,1007.667653053432
52,5.284654388276212,-0.2919352781154105,8.104442581721976,0.005178511547015449,0.0011408779837925286,0.00030065346626956496,-0.12140572937493069,-0.05321652216876047,-0.10752506867879162,10.539650856931752,2.268031993875431,18.678707098047358,1007.6658297547231
53,5.3106361549628325,-0.2786209333224945,8.100447483364093,0.00031295821271014237,-0.003712946775242992,0.003375547264170461,-0.1176397565888544,-0.009423153253091093,-0.0876337182837255,10.561723804704435,2.2620121467130376,18.638847509946487,1007.6666219189993
54,5.319941888011346,-0.27829257247980266,8.113866656565042,0.0030782859953923203,-0.001410342710796503,0.0023015906874305977,-0.09690735822651692,-0.03591504758615514,-0.07635202123744807,10.529846491786117,2.237245574984883,18.578562410631505,1007.6708895985611
55,5.472294999795793,-0.2480519589175044,8.010946512202322,0.0007975427021063397,-0.002693496268587078,0.0004432867249992746,0.041378673274010874,-0.0161932361392974,-0.17011134844876152,9.995706136629439,1.7946816426654668,17.981600988329955,1007.6763952204541
56,5.573041064739302,-0.24027553206349841,7.956521266908204,0.000681240509962062,-0.0025580422246167115,-0.0013445766804763516,0.11458746337673412,-0.02167013698951359,-0.21554709612751533,9.732503440550301,1.7993366344890076,17.748880236522158,1007.6818974324642
57,5.502730306629069,-0.24365216618867241,7.944437232357085,-0.0011196463376734003,-0.0014716341927683435,-0.00030880413483440447,-0.06581523706156231,-0.02099848189175253,-0.15908626026032863,9.56311597599301,2.0224247316175386,18.064350683600185,1007.6873971557926
58,5.358611167762846,-0.2629479731872913,8.084443402725716,0.0001454707815728407,-0.00012945431483589887,0.0010813500296178885,-0.17212881003764574,-0.03628201623422226,-0.034455808697587145,10.008780049202837,2.2280235157000776,18.17177270248274,1007.693389718796
59,5.350569674303567,-0.26399604668339477,8.09487696566333,0.00036111601988590074,-0.0001317811777461421,0.0009840013149538737,-0.1590308571664978,-0.02746867921148964,-0.03045678708459234,10.293019211873485,2.128845734328832,18.210698158626982,1007.6989590650727
60,5.413568435982412,-0.256345185685169,8.037544944068907,0.00118345878077676,-0.002280459455509718,0.0013855319300449854,-0.08691390311675995,-0.0371239707290036,-0.10581719025979677,9.368762206660735,1.5675529244184725,17.11812930117127,1007.703580069497
61,5.457828210213732,-0.09915417509784313,8.03516465639945,0.00102764705508753,8.43708070127412e-05,-0.012708277563922779,-0.024329990228682596,0.0775482162559121,-0.1167183198998857,9.660601715126175,1.5991223927276152,17.452637773354965,1007.7069526808709
62,5.374263522498827,0.2507020175505696,8.08843427411974,-0.03703837443514531,0.0006676367469510884,-0.06102407855880083,-0.09884257070538878,0.3683945794622763,-0.07122435513008604,10.196563059889943,2.1407931613348197,17.523999831473457,1007.7065904876055
63,5.140534297638798,0.021495799401059,8.193682163617636,-0.024701214773434264,-0.0010955015922358819,-0.03859165904036366,-0.28400536428625434,0.08974515238002645,0.01632301204128113,11.012112658327297,3.2192905302158175,17.207810490936513,1007.7063056112286
64,5.188134877645355,-0.35186780024910974,8.30846841139502,0.005050131846439099,0.015335358112537245,0.016813096294606943,-0.20576882912981873,-0.2296120538885788,0.10557627467620179,11.417731289954443,3.632467395228951,17.444217202645238,1007.7061182278466
65,5.159250847330513,-0.37683644732202276,8.129377946306487,0.01593099960276017,-0.01906352146991626,0.02030972581495096,-0.15375152230234673,-0.2258406301585835,-0.12857258723433473,10.67582529317848,3.7060076367866004,17.253539898088754,1007.7060228011496
66,5.286779112222413,0.15370450098847493,8.025859152630437,-0.016839943468641073,-0.013811199722416002,-0.025862842337395685,-0.16399073529770433,0.21547736186875974,-0.1410295457666898,10.478356715088106,3.4745346416678005,16.942532019551937,1007.7069219347434
67,5.233559858354879,0.6862288063363648,8.155134276111411,-0.07164282769950273,0.008077970880046425,-0.10069184730804664,-0.22988051814348578,0.7412353048866369,0.004429226644023593,10.98335652522775,4.278767860016301,16.769266365057305,1007.708773603049
68,4.961291586237513,0.7454637289781869,8.343033987414382,-0.08364720859247173,0.004643099276099022,-0.12194665622246129,-0.4390553509270584,0.8023174546539268,0.16117769601520773,11.748642926730733,6.161515729540197,16.43774860879638,1007.7108050148448
69,4.95874723876597,0.4235806386933456,8.334022912466935,-0.060634444308464014,-0.0010892806588705612,-0.08372613516328625,-0.4382129668439693,0.48497026219295203,0.13784350766261458,12.4682164535127,7.990019043009991,16.4173706222883,1007.7130502791113
70,5.193418252199139,-0.3808766512913333,8.173248614198513,0.0029089572257041535,-0.0060451509383629065,-0.002702279839932542,-0.20729929733962382,-0.29347595082268874,-0.02259091946950237,12.828848888110393,8.725320542133238,16.41123995648816,1007.7146889712889
71,5.142208025954207,-0.7322816397440792,8.200627940545367,0.037384210606929986,-0.0005743587469795603,0.05491965849887199,-0.23563101008264867,-0.7006711805204622,-0.012740761642691213,12.89249887763733,8.102789639209393,16.434655170641555,1007.715596433761
72,5.097438631947205,-0.9440750073171118,8.221703242661784,0.04119714887887154,-0.005131411469401483,0.08151274605408053,-0.26852715852562475,-0.8610929715009792,0.018762854535943656,12.55818872268319,7.1349666259339575,16.68957587567944,1007.7158259493578
73,5.068238103409805,-1.095757416451632,8.252037405785721,0.039441464959394566,0.00029987594010792446,0.0840976973657277,-0.28897848130240583,-0.8570548269809563,0.06053029146467144,12.100175808726991,6.559935349686714,17.14767881685298,1007.7155606696391
74,5.159240481656264,-1.1034780798048862,8.141803651689703,0.04698530488861032,-0.003849750099203711,0.07241518774053651,-0.1729779036920262,-0.7863142090484502,-0.05517270625130498,11.27917082193163,5.501783960983576,17.013574495328015,1007.7149134646045
75,5.468783344581676,-0.5316270831632575,7.999163426202202,0.014537146696721362,-0.003314112198255707,0.01999837773100377,0.11071935735189697,-0.2544842145547307,-0.1970332908886649,9.977736897789248,4.258734070335027,16.215211106701926,1007.7141731110681
76,5.566917762261563,0.27721048773507684,7.9316993175216375,-0.04096362931223586,0.0023672362941608268,-0.0708246192088887,0.23128989002259126,0.5033325784670883,-0.27710395568175283,10.437927284841685,4.543417460776246,16.28985876405203,1007.7116954784433
77,5.5633185999310975,1.0812095081586262,7.934583620622854,-0.10393830002275684,0.002491927262208264,-0.16777593433917687,0.23743290406662917,1.2729811648032165,-0.2871361504055166,11.492116756959948,6.2974362316152295,16.37352781255774,1007.7070840528085
78,5.376593702595742,1.5067362581034498,8.070507015449577,-0.15055450595407283,0.00568839426465172,-0.22993243152113033,0.06650100788561003,1.7343950326285775,-0.16543144042584623,12.794289799165028,6.366496641054857,13.546747206599376,1007.7011214207897
79,4.9393694097345024,1.2792901817679825,8.39285606133407,-0.12293120362142593,0.004682538905902152,-0.20190243676672406,-0.36425054786877836,1.4485728898188137,0.13569748266935983,13.340050789861436,6.666348131098208,11.377747442687957,1007.6896999129415
80,4.612341100531287,1.0240509716497848,8.567657229801371,-0.09419073989915533,0.006508457378761781,-0.15383694510098203,-0.6249886502441478,1.1067628694189051,0.29826873039608215,13.530482134124004,6.887525581070887,9.777166248494979,1007.6712026107903
81,4.500637298398297,0.6594313727250452,8.63501007276991,-0.0670621469404096,0.004094937234693601,-0.10573236873390654,-0.6840396370133902,0.7155614641711008,0.324198638319877,13.649331195133021,7.11910544115611,8.576282262504652,1007.6520551242651
82,4.560204329195058,0.11207963413160715,8.60758555121545,-0.03210977290264156,0.002105487143889449,-0.0538538178000385,-0.5793073781484702,0.16351870773839527,0.2624890207697638,13.843574363775645,7.138556291903647,7.481165109109339,1007.6354215727291
83,4.8089870479419945,-0.23815056277973196,8.457363354844944,-0.010888413994735464,0.0019170672221758022,-0.014942714471528368,-0.2919463418014311,-0.2305059280500784,0.08967790686769231,14.130107799102035,6.783416935621288,6.6270819500956435,1007.620643332901
84,4.975575145887335,0.14376216798540903,8.30395856587834,-0.02331654546322339,-0.0005804829194064757,-0.03128881866823792,-0.12232615605323907,0.15270809243447914,-0.07365270244682579,14.311755369434078,6.624911726505753,5.945319637261424,1007.6098575263629
85,5.058551030317223,0.46007512993472854,8.29583653070667,-0.04173769324795705,0.002239124153265954,-0.04742713567465261,-0.025182346735345834,0.4851166848900649,-0.09482572373974464,14.398654867976065,6.969074936494219,5.855352145225014,1007.605860423008
86,5.2769007160934125,0.08673650535788724,8.130607648177811,-0.02857593467307487,-0.0007437583797138001,-0.02649874106141408,0.1988111268292308,0.22268773158114885,-0.2591381076936745,13.835109486444168,7.299937746277475,5.3100931034194705,1007.6087555728524
87,5.610685273490939,-0.2666436287293267,7.8850439615276375,-0.006582028951372245,-0.0032515179762722117,-0.004577455728358073,0.5161885100536265,-0.061219237500749146,-0.50131630718994,12.626391551450915,7.107743568462578,4.324855248232278,1007.6171345831601
88,5.947275158164035,-0.3951080501902765,7.659908733847975,0.003382603274114734,-0.0042663363711883786,0.006589713406335112,0.8359961043901283,-0.17642842791207328,-0.7147080394933105,12.132642883384241,6.633222222828512,2.8119283038100917,1007.6330814766463
89,6.301824691005135,-0.46080762857661417,7.434597567764354,0.011385346860257058,-0.003083327260978779,0.014633580471732301,1.1704210171831984,-0.2543600186155025,-0.9320954986857346,11.887219947470022,6.210777312059123,1.9843241756250043,1007.6509963518333
90,6.56756252411111,-0.45610860908004397,7.2615037512903156,0.015495036879532497,-0.00019528156359318325,0.020461211018737116,1.4289085031283457,-0.26918967408634803,-1.0953764310845806,11.817449139755041,5.787425750783008,1.3842787311839941,1007.6703475462398
91,6.706753958803972,-0.41797240166424227,7.167782586532283,0.016967125398461538,0.0016732976718361403,0.023603622432624264,1.5314443103788506,-0.2498008321876361,-1.16378101312334,11.82309695968968,5.376504239661785,0.9510469040307159,1007.6927360544162
92,6.4949745373015855,-0.3709865400520486,7.312308067401184,0.016235283001268183,0.0025759803442101815,0.022451738580165023,1.257997546061255,-0.21289779778957932,-0.9806667509523512,11.934763111615196,5.065685956903709,0.6666830876731726,1007.7127448893914
93,6.229987174900731,-0.3354133997758807,7.490773580422991,0.013549612790007905,0.0020263316041278195,0.018784073927448984,0.940329188911045,-0.18206928130178632,-0.7686032410009498,11.474805856296841,5.40636412841406,0.3707237635300299,1007.7273482133057
94,5.818582559886786,-0.31877425803276216,7.762479094776419,0.011230607710347153,0.004322540982392702,0.015854626832575738,0.49946630352002047,-0.17013617918232873,-0.4778297311124732,11.48808455788952,6.102329410448175,0.7346893309332878,1007.7334717865343
95,5.11917231651205,-0.3822833404828939,8.217472212539441,0.019254795097955413,0.001934790537621709,0.027474937903335182,-0.1991182947891676,-0.23551614229431111,-0.023368885508777693,11.511277365130656,6.568819966405831,1.0784959237384935,1007.7324171543522
96,4.793144528041346,-0.7031793789016685,8.419853699899251,0.04834194372281646,-0.0006470410739790665,0.07344011301807832,-0.5292765644474573,-0.5522122457730938,0.17886269693006007,11.568175904269063,6.356397397561646,1.0566566119880771,1007.728081915921
97,4.6766668545960455,-1.2180097170776911,8.472480409146076,0.10084231392235041,-0.005174775775266916,0.15586079124506289,-0.6746829122504716,-1.0767758848888471,0.24546876119344568,11.710934058708514,4.882633263680372,0.7856431037819408,1007.7226299161238
98,4.694810406435601,-1.69050652520466,8.438763780051193,0.13659128319414965,-0.012102109861534456,0.21146988997938737,-0.698627965404588,-1.5160247826366342,0.23965587353979553,11.208328681356736,2.2518995173027436,0.7574686484426624,1007.715806333184
99,4.662445101947035,-1.759512224183964,8.47204959315313,0.14344395935000898,-0.006903073909975763,0.2136055121724234,-0.7618292354717372,-1.5681802326150567,0.28755063468588654,10.092024817387058,-0.8299955852162446,1.2157345264260448,1007.7092392859741
100,4.257688690127176,-1.531033779494563,8.759830283876113,0.11686830686714836,-0.005619021431936048,0.17299214937327262,-1.1683759195322754,-1.2986192214228256,0.5682425217890543,9.00329592895643,-3.4506975141541885,1.8471313317522244,1007.6996646024115
101,3.8539020107493713,-1.1873949585595387,9.001645811103918,0.086895778558721,-0.006000003485824413,0.12612555792738983,-1.5292879291761883,-0.9391801265886661,0.7851048868332765,8.159027089042942,-5.460619343553528,2.3985407922681947,1007.684040225309
102,3.706490584635419,-0.8957590828439975,9.12533900726588,0.06338110631348305,-0.004503829032234677,0.08996461211022563,-1.6187671702782247,-0.6539939461356494,0.8728041267637122,7.65543688220602,-6.973112379621809,2.5832163150805894,1007.6634237334438
103,3.946292358826035,-0.6098692834714978,9.001819679359109,0.041412916782716816,-0.003512556069016907,0.06133293488950657,-1.3169574730520655,-0.3684501639325421,0.7122834835338878,7.427168459792236,-8.0927954937378,2.562207524984273,1007.6363811686473
104,3.870933459891019,-0.48224232560449964,9.021703416024971,0.027422154848258475,-0.003073015869091479,0.04442312783644121,-1.3215438714286032,-0.23178293336227015,0.6916879728441675,7.402167438270996,-8.811540722086086,2.558733380406974,1007.6040096549987
105,3.825028851479384,-0.7905698580359322,9.05397477729459,0.026990911731787554,-0.0024298896536740864,0.04825045210693819,-1.2784043195023542,-0.49205183775842454,0.6833099614039968,7.2806125402075486,-9.2454507080542,2.485624496591856,1007.5761478626821
106,3.941839675668252,-1.1552242823157761,8.961866740776586,0.03211665368837307,-0.005495219568483268,0.054718525165932015,-1.092481138095635,-0.8258859289258792,0.5491514154129871,6.888049530509515,-9.822868315755178,2.5884093921483506,1007.5515774624658
107,4.099285445540633,-1.3781254850356524,8.831577654469472,0.035449635832409884,-0.002415611999972821,0.05540430071295791,-0.8653987496048583,-1.0313477308571908,0.3879812682114224,6.410231251859262,-10.262573578678436,2.8923068894882666,1007.5266989221327
108,4.117860863468027,-1.388400767128051,8.813284511688728,0.03378153635363334,-0.0034845406182230877,0.050475548982625115,-0.7895416578148043,-1.0449208921197746,0.33299194275441635,5.962188719574444,-10.784767068164394,3.282592712062195,1007.4991222075298
109,4.343492418227543,-1.2090436558609154,8.672981400866044,0.027099432045509415,-0.004699412569262043,0.04011289651508194,-0.508020734720109,-0.8746877921147741,0.16165832155771576,5.503379411075426,-11.1377646460326,3.7149827831365148,1007.4736982906776
110,4.72049333213801,-0.9743526449564439,8.447500831031526,0.020591332078826848,-0.003786369018382015,0.02885858730818104,-0.13248513688207947,-0.6519722509169419,-0.05970048529928704,5.124348348820484,-11.315526740532325,4.016897976045806,1007.4540502911723
111,4.994479138077763,-0.8355610322513656,8.27453785864101,0.01522290588444224,-0.00298569968828369,0.023090057723347386,0.10843763294714115,-0.5166357474114526,-0.21601777746877737,4.828639099078094,-11.4746639832897,4.253056202842584,1007.4397103207841
112,5.312141941405235,-0.7168946020316607,8.083889068014818,0.013683632964424377,-0.0015389942227488995,0.016271694708924367,0.38240634547560154,-0.41204091771435486,-0.3836050570174814,3.5846070415959135,-12.06349821710937,3.241820904547879,1007.4307286207024
113,5.63938256287961,-0.6517259643733226,7.857947855480249,0.016662375408896216,-0.0016424894897453493,0.01258791666278733,0.6522849466532759,-0.3842871686696459,-0.5797874166734435,2.7014791739259807,-12.605958871970982,2.676459267798373,1007.4330361273776
114,5.888899378697571,-0.73329478864158,7.6885862404240335,0.022748267786683863,-0.0015467080461076042,0.018987893065508764,0.8331244433873859,-0.5431717673850376,-0.709870735098349,2.043921694944867,-13.232614102177784,2.422014503007455,1007.4450877615774
115,6.0516543929431075,-0.7952859525099822,7.6000883251985485,0.02478061096911431,-0.0003162373295083902,0.02677063153590379,0.9455573241293496,-0.6656336140591524,-0.7652611760494652,1.3759542274202778,-13.790744453462722,2.3778713281015813,1007.465693720893
116,6.1848478563417055,-0.9035278362806521,7.50735289243548,0.03001414991812731,-0.0001272154378827773,0.03619427991124133,1.0456171340679186,-0.8276174546947288,-0.8392258165945657,0.6858896280985455,-14.204994619274057,2.480610153324095,1007.4936563150053
117,6.2916607020383495,-0.8989730276639485,7.445176273225521,0.031300430925634413,-0.0011723770900445858,0.04094611097430019,1.1082968537875852,-0.8600166992798387,-0.8875412230812333,0.09387333588242486,-14.510253918371749,2.7411363943723774,1007.5237724339355
118,6.286659629036023,-0.8617617056862663,7.461939026561671,0.033140840649695746,5.2114116494077645e-05,0.04212524526574507,1.0854671082658283,-0.8523430321084711,-0.860744358700947,-0.5560883650050683,-14.781113335225204,3.02170671157257,1007.5533992678362
119,6.153759984755532,-0.7963544274436093,7.544481970364566,0.03220305179591864,0.0007183395274859572,0.043360697537998365,0.9500736356197942,-0.8119351292162895,-0.7681040385551222,-1.1758012762368213,-14.954615022128543,3.202315261532352,1007.5808551712911
120,5.930694226804169,-0.7030968784086866,7.705594771843697,0.030916427785575105,0.0026538015648533467,0.04119926143767088,0.7171798837861573,-0.7499903726290894,-0.6004632781695632,-0.9380856683118226,-14.700740857819122,4.5191344376530225,1007.604129622981
121,5.703849716174873,-0.6400179883293995,7.839282467110014,0.02879926806945108,0.0014676727567381038,0.040034658791809126,0.4750747689456112,-0.6944126819211024,-0.4546854560690744,-0.8144905123881859,-14.464533539423515,5.731176203213252,1007.6236517530173
122,5.616263885410822,-0.599396570264219,7.906348591019775,0.027408450813503907,0.00107022474203931,0.03948728539657033,0.3831523492093728,-0.6514261860515481,-0.38641526616449856,-0.8622930240637086,-14.28648989414976,6.805614352808826,1007.6392807618323
123,5.601514859242985,-0.5626239961812209,7.911209418946786,0.027141915699910833,-0.00028200404270765445,0.03847298730863975,0.3588293382618777,-0.6149027490361972,-0.3733642322135539,-0.9792335485464893,-14.120708636651223,7.679105151999403,1007.6520684003075
124,5.585239301159449,-0.558140627321704,7.918318960899398,0.027289172652690916,0.0003166348453162355,0.04038957564608106,0.3295126026954824,-0.6142700007022424,-0.35714120041583675,-1.1687822007514053,-13.949799809489331,8.41360218594891,1007.6630504123307
125,5.48459188358563,-0.5516033804116692,7.985494279474845,0.027074172417069615,0.0006975179706418633,0.04102700647588897,0.21965271155479396,-0.5967319060763027,-0.2808318877337669,-1.4365533767143523,-13.737550708139178,9.000935427630392,1007.6714159581938
126,5.40390727616124,-0.5720768882075103,8.050258903251652,0.027173055003111967,0.0013149323610199002,0.04301304655204457,0.13239889251475906,-0.5962817376203655,-0.21723228136316167,-1.7479045467438898,-13.519947870405453,9.547420020203392,1007.6775214998763
127,5.467402493267109,-0.586052041733997,8.01013027366022,0.027950777227178356,-0.0007516980075642087,0.04196399910015658,0.18103628798947574,-0.5697991961590978,-0.25620959839353713,-2.167113119316541,-13.13545496050422,10.0771771031067,1007.6818743918735
128,5.4518686452746685,-0.5830166708350064,8.01685293723627,0.02379877846131024,-4.783390856276566e-05,0.04351003729281776,0.1615855096727033,-0.5295894507830767,-0.24274649344140464,-2.564411019688782,-12.73242505543767,10.434134998659047,1007.6833817576687
129,5.340862160526777,-0.5855085265828148,8.0887311455955,0.018201112646909382,-6.659006567118369e-07,0.04173015805022561,0.05238059630850518,-0.4537186975841724,-0.16972812114037178,-3.0049837245408972,-12.25830395897794,10.751816361071779,1007.6828950016422
130,5.315829969578648,-0.6142982638313003,8.10778394568089,0.018133364226186853,-0.0008173229967509221,0.03727236682187051,0.04115732187562572,-0.38655229514514333,-0.15618250730181255,-3.4658936183807216,-11.757837048656217,11.049008879486056,1007.6817976266659
131,5.365388298488974,-0.5673223914283383,8.089541984402038,0.01615728113785454,0.0009141465836751369,0.03028374311584152,0.09566095927671672,-0.2882779235940086,-0.17675490580495953,-3.8885528215232568,-11.334438795115714,11.365084202819991,1007.679471412384
132,5.343119250020983,-0.4188423144793815,8.101851375496024,0.009827982755414893,0.001550329967454943,0.017705794577395927,0.07352844534144748,-0.10930238372525256,-0.16449577524232736,-3.7453550756853606,-9.67004909335382,11.540554840831764,1007.6739606545661
133,5.2443510757720295,-0.2895462363873713,8.167412463123995,0.0030034790204796925,0.0025574176654972846,0.006816848339197252,-0.00973986035663671,0.029253747078479497,-0.10787746770876444,-3.401578636232651,-9.629848609844057,11.872643209888906,1007.6669088602888
134,5.188834939237952,-0.17250499291497418,8.205819943927073,-0.002055071523098033,0.0015670264768008683,-0.002310255663075328,-0.05063362535309002,0.14283231419262185,-0.08161474027760232,-3.0567916986531163,-9.756170471760583,11.93623691129428,1007.65774276792
135,5.187870548107002,0.011513598518195084,8.187348593169144,-0.009850318393258124,-0.0004690519764124815,-0.015074677706698243,-0.04866176326478475,0.3124582777536198,-0.09922958642185238,-2.719589048430113,-9.989271391979901,11.960105215388818,1007.6470133065071
136,5.248203672859888,0.1521451508392445,8.1841568569677,-0.016602151924439916,0.001416444495932729,-0.024611597628696774,0.01695383475932926,0.44326983933246117,-0.10878186405207481,-2.3290972276546347,-10.237071802353176,11.798998334330825,1007.634421242667
137,5.242610004290827,0.16610601307972886,8.168482327342943,-0.01727251410775779,0.0013390434295088378,-0.026626774151171956,0.02995378580434975,0.45669195195993156,-0.13212275527210401,-1.8108300859586905,-10.456169390124328,11.60310207853707,1007.6229843840357
138,5.238969906386568,0.1334190494263173,8.154442119880219,-0.01421080357340109,-0.00021618011159793278,-0.024378283410095843,0.02572629302440525,0.40873304693399337,-0.14834106380323664,-1.399034164006998,-10.758038855403798,11.554719944601905,1007.6133387579755
139,5.233350506645868,0.1074460453971457,8.163123267686005,-0.013972541990762321,0.0014719468768165614,-0.020473696001341055,0.028476785608634855,0.3559403818718826,-0.140418100920656,-1.0924155904546606,-10.98050363124329,11.34767739359707,1007.6050004518805
140,5.282869469158293,0.018486112679492836,8.141131932580643,-0.011397945708923505,0.0007805110558560391,-0.014793696476298352,0.05933831048256623,0.2712597894013114,-0.15703536300662002,-0.8719609658931077,-11.074163841523372,11.152743925535143,1007.5972038916838
141,5.295921236916541,-0.062156546635661655,8.117236319016424,-0.008957354921790589,-0.0010494280342989311,-0.01068676935712284,0.0671910627596274,0.19714659001439924,-0.17592657072711293,-0.7252630888202233,-11.111015037019161,11.034029711448815,1007.5891227381803
142,5.271988384413917,-0.1607072661459595,8.126162844835484,-0.0066817666180731625,-0.0002979409431272932,-0.005503694375928764,0.0306076079192788,0.12506359498488365,-0.16189701715265584,-0.6358351342323341,-11.115779411414412,10.952649806044642,1007.5813903978163
143,5.269731993186093,-0.22182688797645633,8.136564843394371,-0.004862788633363344,0.00041478310817054875,-0.002874450663933409,0.023515251836909695,0.08876305040882096,-0.14356339974162416,-0.5700707201000749,-11.070187317976423,10.874804222975648,1007.5746958194136
144,5.285391725958031,-0.27623129210245384,8.118456843950673,-0.0026376129917621907,0.000813047650542312,-0.0007705961511944833,0.04199066262736939,0.047069091139182034,-0.1585281220145396,-0.5388113605483409,-11.050701220906292,10.880477191871178,1007.5686143817147
145,5.268163016658362,-0.3306945290047738,8.125577601550836,0.0004859211625325055,0.0008024506463434431,0.001652495215306372,0.02356828372381723,0.0013593591036019023,-0.14890557798289958,-0.5083755593905833,-11.021283724845453,10.830303481946899,1007.5613727413329
146,5.252933503266348,-0.3551443650941947,8.123270718732995,0.0021268802261947386,-0.000641474530009569,0.002997904640087216,-0.0012980133865714213,-0.013620812879377268,-0.1478842848995672,-0.48126360399959744,-10.906396847510482,10.923875295706022,1007.5531606026849
147,5.236253948084197,-0.3726544531173981,8.138514390507996,0.0018039183665863189,-0.0007952069683374601,0.004237333398492514,-0.039048943504282,-0.025560699452548807,-0.12627789654962898,-0.5183754703906547,-10.815631253684115,11.060637523235389,1007.5445700126407
148,5.247328990193721,-0.3823490046606924,8.109532725381923,0.003787797626604395,-0.0025915419365545736,0.0035951283626864602,-0.05181938057584284,-0.027213894038386553,-0.1403683404853099,-0.6422993967626308,-10.76328308406007,11.195548235111614,1007.5348994974656
149,5.248907793648519,-0.3784660391195434,8.13519438803048,0.0027158651747998847,8.630066752558872e-05,0.003635548243866631,-0.046920622684228454,-0.018463623811356515,-0.11451314353403544,-0.763585716995087,-10.724518144437814,11.132190761636892,1007.5232245623762
150,5.231552590388876,-0.32134087436506836,8.140492315527187,0.0017286140660267336,-0.0008717274745376572,0.0006564221991878067,-0.060485675412972964,0.01683908277921401,-0.11004238270292611,-0.7631436109623901,-10.749513360753209,11.121584427014442,1007.511282155101
151,5.195071277106012,-0.24010765206169732,8.167136027595165,-0.0022411981091847114,0.00019294830810198378,-0.004419224035642742,-0.10998094650084787,0.08401217396180377,-0.08276966796568361,-0.7302665438144128,-10.804528675599434,11.193912773747835,1007.5025660633358
152,5.174221766054486,-0.22920142759664122,8.193314798225373,-0.0038245442298835133,-9.943615997971838e-06,-0.004901473171321211,-0.1197631557640841,0.09789335822935397,-0.0591627708631855,-0.6878204164477605,-10.796085258080813,11.124797668556369,1007.4966169362837
153,5.277902400558762,-0.23451568109531815,8.10638373314927,-0.003394733073013881,-0.002298326932129741,-0.004868401451977146,-0.029993811455046857,0.08247397451852598,-0.140345796682733,-0.6269425023020695,-10.81282523334852,11.073189200220678,1007.4930171219738
154,5.305504444378215,-0.27034861190013093,8.076588825769054,-0.002784976513699688,-0.0027610949554919845,-0.0031596734938845435,-0.032521476822356184,0.0622147538406406,-0.15038300751401917,-0.6313476390907633,-10.89091899795333,11.158994950557446,1007.493976143574
155,5.284906801542199,-0.28961543989101685,8.062819928445478,-0.0012984132839121505,-0.004607584609701036,-0.0015607487594916803,-0.07789378503687364,0.03621003383968071,-0.1434023342493005,-0.7922472973686483,-10.909089750859671,11.042473273226522,1007.4961807145536
156,5.304965569904446,-0.28281901653083275,8.07183745624158,-0.00046519835447877793,-0.0028756888682576493,-0.0009802181830330216,-0.07527860914285771,0.021813036814362613,-0.1184394739888676,-0.6973954923233715,-11.023562037461604,11.091650889709909,1007.4992943420106
157,5.358796717172791,-0.2748071367342412,8.01507870820943,0.0019886390239090422,-0.0040198446483813285,-0.0015630269496071342,-0.050247502759121807,0.008508545466079655,-0.15562740877706613,-0.6823193857282611,-11.091094549628407,11.408293284109742,1007.5062248370737
158,5.428962351277842,-0.2677820115095789,7.969811475690448,0.0005284196696804704,-0.003997521656323051,-0.0008859114947943529,-0.03577315991061097,0.02053446564349827,-0.16659961247516847,-0.7627342526850683,-11.168410122198301,11.75527257731032,1007.5157351902158
159,5.487415543914573,-0.24045449087831747,7.957782178933464,-0.00081687130710488,-0.002180115142088669,-0.00015912144245533054,-0.006701718318311595,0.02109362283786886,-0.16247204057003362,-1.6101859239457863,-12.426457686914198,12.12935015387896,1007.5301787705394
160,5.4958847526001975,-0.24025186892980266,7.967975777885219,6.591398019377035e-05,-0.0013370384505725958,-0.0009751517128969638,-0.018109711752913586,0.019432566488664337,-0.13853235475921113,12.121948765262674,-27.174708521082636,25.57406273910996,1007.5494593410584
161,5.421515865894696,-0.25658572850667855,8.082770044707392,-0.0006203978506287806,0.003519408284198455,-0.0009090784316264408,-0.10049812779341438,0.03623123864200321,-0.03319545158498613,20.32140869029615,-39.84332112169421,35.98495905578537,1007.5715077779951
162,5.434661086157048,-0.24944540821897157,8.062044546713048,-3.434192244740309e-05,0.002352112341129757,-0.0011790388536986156,-0.06011985089200573,0.02237900930955892,-0.06825287440170999,30.514525959836995,-46.76896496161179,48.569704635847536,1007.5941952864879
163,5.45093414724805,-0.26618269102458936,8.093437935591783,0.001298236189969056,0.005017617370374443,0.0002081948098059251,-0.009241051857545007,-0.008885834147097621,-0.0565582827782359,44.492773868832,-47.82264687268038,66.74325706972634,1007.6135362326118
164,5.394539489524344,-0.2371706418180537,8.138329017248367,0.0006024423607172699,0.006125453594543888,-0.0012451797270011569,-0.014019681208379386,0.009827645511354736,-0.04348420332685621,51.93959685758858,-53.404710828879665,71.46297566732528,1007.6276521019968
165,5.37454776582743,-0.15050487045037617,8.163098446022245,-0.00402540637680773,0.007015680040288066,-0.008160895594150425,0.021572389321976883,0.11568148199431691,-0.059567727304050466,55.00547622700127,-58.40158064562613,78.28389073252401,1007.6351305386987
166,5.396362626671508,-0.12358411154615195,8.139416807595786,-0.0052496571583593,0.005134053025015045,-0.010866539563357801,0.08210677029691607,0.13092592369009223,-0.11347607484408984,58.28931740333516,-61.194314470597995,81.26559699023319,1007.6364665857899
167,5.461947031266797,-0.18047306492368687,8.08777501519975,-0.003498015475274602,0.006156781393493028,-0.0049345661770018165,0.14895081917348663,0.07489710554753877,-0.17611588175844028,55.18522094605247,-54.47064566376015,77.58088123672876,1007.631443683244
168,5.448286566742611,-0.22727044772833938,8.066309644917837,0.0004600176593021685,0.0018088068875312096,-0.003023202482016091,0.15950579447876165,0.015027777111957755,-0.21023636988861272,42.050032756209944,-41.70244836240861,58.22140366888556,1007.6225218599205
169,5.476291557781156,-0.25257148583963024,8.021798278728857,-0.00024673243102489464,-0.0001415871489472832,0.0006588872515917647,0.19361064901253738,-0.015336447901943273,-0.2625472344078693,31.84694297403377,-32.68073595947624,43.213799957667135,1007.6098269872118
170,5.637952241305319,-0.2917996085482995,7.902997831516223,-0.00040247979994713194,-0.001159749770163243,0.004054443111922183,0.34533114426134837,-0.0358035184414691,-0.36493243465292335,23.889580878001553,-26.270079451611917,31.880107366572467,1007.5941103828848
171,5.699412911047978,-0.34695951618972215,7.859439155473039,0.0021935277679537694,0.0008867736176652748,0.004829979545097935,0.3761916470275868,-0.0539087872306068,-0.3868935480091583,17.979766816095914,-21.442751046449786,23.54006923250227,1007.5791460567143
172,5.621585814614466,-0.3349824567432916,7.896999227666336,0.0023364909418647165,2.631334854793783e-05,0.00296949674162414,0.26233711160113615,-0.03167209356857276,-0.3158828324250076,14.239748111291222,-17.744164423838356,18.0881283982072,1007.5647307760834
173,5.578453496686534,-0.33555668014836726,7.919594270318941,0.000882505117080742,-0.0011433311026153633,0.0026239712483483585,0.18452858787247145,-0.020617101199022148,-0.2664292617642598,11.254373573447788,-15.122805472599001,13.92501846890607,1007.5485830594798
174,5.650725457499842,-0.3390205702121233,7.85807773448675,-0.0006149117416601804,0.0009425294325104451,0.002605018752146921,0.2168576003753726,-0.011637815762167793,-0.3002345315255928,8.778330216464608,-13.353408118973025,10.499965968008858,1007.5320159838742
175,5.769200530956729,-0.3563626925148382,7.788325352031452,0.0009663494976140771,-0.0013260085561234412,0.001812791121171568,0.29779249721533524,-0.018345192494427422,-0.34398095266580025,6.916661899865831,-12.063680053015702,7.9983635967753175,1007.5155137661847
176,5.763351480787543,-0.3456191055706595,7.790365042682697,0.0029856962350331175,-0.0015789690039191553,0.0016444601508799406,0.2532719717557076,-0.01820132650820821,-0.3145937643410856,5.556060043530781,-11.183472988276101,6.302116629590632,1007.4991207504149
177,5.5841113423082795,-0.32197726945494887,7.910150195147578,0.001979051987638933,0.0019146452633603765,0.0009538260823331127,0.04735997226830979,-0.01207664101679476,-0.17503773073108736,5.501932398011149,-10.213285351408505,6.127870426202779,1007.482663171571
178,5.091276173020112,-0.31624220985453066,8.240665098211439,0.0016452902151442056,0.0014934344136739116,-0.00012788834119788412,-0.4205757934835596,-0.018875635167301806,0.1316481204293221,5.583074960689065,-9.449230552603774,5.956122488877373,1007.4640561161273
179,4.505455606120628,-0.28148518168282355,8.585392214478514,-0.0026765772907274906,4.642107639911755e-05,-0.002383377561455819,-0.9595327694719114,0.01241413073544214,0.4598119368182528,5.64545280149942,-8.886460822837323,5.8558770458842275,1007.4420664497333
180,4.030911542735203,-0.28268013932132746,8.920424583861237,-0.0032537792932575173,0.005857633785102764,-0.005117143066689343,-1.3776090392995055,0.022662114872774898,0.7807495673356342,5.793967115248451,-8.391324244815268,5.791020147130499,1007.415794176943
181,3.887469743028402,-0.250750323171963,8.976666616717072,-0.0033524559484160808,-0.0010256206145630017,-0.006264402679618478,-1.4664286494723244,0.038910086704134136,0.7875613331415321,5.756901976175055,-8.241989224444142,5.570078598416653,1007.3864170725057
182,3.9851328968762263,-0.25524590980290623,8.958602558825067,-0.0034294108520989334,0.00033795416684773215,-0.005658297478207875,-1.3323228335543522,0.05870689785419976,0.7161943192101984,5.8619167615164764,-7.906349931778439,5.484567635832453,1007.3512286660091
183,3.8627715424345275,-0.21300386822886747,8.964160792488336,-0.00475256140331903,-0.006077379307680123,-0.005858792440314705,-1.3953177703256705,0.08124806004051842,0.6766936657318501,5.4984552000276725,-6.882709185063547,6.283303320807742,1007.3107064050829
184,3.8244212423337274,-0.22750950934806924,9.032640534997578,-0.0024430182104349667,-0.002582026734811652,-0.005264972989893455,-1.3885903875937424,0.044164553815769746,0.7242986842843214,6.0454965805208,-7.228318965490273,5.761267981715376,1007.2689501410717
185,3.842772600425845,-0.24734612249603086,9.000904248136719,-0.0005413118949786561,-0.005217661903965961,-0.003470013810577718,-1.3068275566320533,0.00011867794671750753,0.648568849516419,6.179521392572646,-7.88349963014185,6.1627470537618425,1007.2280660126368
186,4.055794984193805,-0.28197824155527335,8.833610286831686,0.0007846211419307964,-0.003752304471723609,-0.001967746695981032,-1.048967714594974,-0.030769016158160592,0.45635169085715976,6.107925074528267,-8.369541466030862,6.488900243539136,1007.1882098632855
187,4.081499830486966,-0.3622089121600689,8.878192264298415,0.00213833671950665,-0.0017137138191088168,0.002366151102788644,-0.9718888046550542,-0.1137897896666512,0.4766358715392055,6.085474285819828,-8.671710719252276,6.775817863432694,1007.1580080566698
188,4.391812515909429,-0.2465102826761269,8.731141708953656,-0.0012819554014271068,-0.00209183499066339,-0.0014794329488346048,-0.6128206061416264,0.01043680924581157,0.2964905752026319,6.050075735057356,-8.850231067352464,6.992933825491975,1007.1348524121282
189,4.742502631562738,-0.05201003474372623,8.528785092987045,-0.0050027617181465,0.0002499964633466017,-0.009142548469471629,-0.2204019776915469,0.20214273884946155,0.06740604263082711,6.182407776926705,-9.01191214402014,7.087338435715999,1007.1179524087994
190,4.903315602208125,0.05045229252846699,8.454142742528687,-0.007858403684247459,0.00139618088275724,-0.012337010141985369,-0.059935881273561836,0.29440126528568933,-0.013645301292754708,6.346602840589192,-9.251615373365793,7.0785032989907135,1007.106422031237
191,4.96836683326929,0.0786414202470789,8.3615506179887,-0.008546297888175989,0.0011851683196536953,-0.012935068366395847,0.041303960498103684,0.2895176267538097,-0.10804893090868004,6.600023726130374,-9.367648817987044,6.894840576257194,1007.0995111567422
192,5.119777212135242,0.0881055851398537,8.249997477621063,-0.008691811275132409,3.287683395836725e-05,-0.013078139981380386,0.16804316565967148,0.28945329375460205,-0.20857461736154992,6.806884897721528,-9.469617392500586,6.80301382384915,1007.0968787122689
193,5.209202775862929,0.06346677477125619,8.204891624165413,-0.008257131173779294,0.002110298252626916,-0.01166628982389428,0.2355204689498134,0.24902892162273849,-0.24087893704821103,6.9373300667697535,-9.572783458964395,6.7048082567694856,1007.0949574390224
194,5.226952580148222,0.026474013140963946,8.183244235275124,-0.007513506758746812,0.0006720062600605256,-0.010503517566251666,0.2180680602837622,0.20545882418378372,-0.2545563236140604,7.174978231722146,-9.598801095088518,6.687447047569579,1007.0940706677304
195,5.236453645115889,0.008646717660009916,8.17034371472093,-0.00704133407805913,0.0003911755591994002,-0.010258243982001784,0.20008080509888768,0.18524769145270115,-0.24810649933582124,7.364489419785232,-9.610171515126895,6.570443015092589,1007.0920837585568
196,5.237360288547639,-0.023964038093104278,8.161677349854271,-0.006935936753708022,0.0006642057564370612,-0.008547407804857262,0.18076808413569145,0.14262278299545406,-0.23719028080832205,7.488482742073154,-9.631521278334573,6.460012485855832,1007.0890877913945
197,5.236775418360889,-0.09879976317183213,8.159623396736524,-0.005352191767040129,0.0011635799093123135,-0.006117294955788773,0.1674189733293718,0.07186423210369623,-0.2288537168224993,7.616535031063754,-9.592149580510018,6.391802916163573,1007.0822428998104
198,5.230252728716209,-0.18648378115054887,8.15033005383608,-0.0033843554277666727,-0.0004910888614147344,-0.003335999387638542,0.12566361057549535,-0.0018952656780814037,-0.23115910673874954,7.659440221159906,-9.618004704325465,6.27666189464497,1007.0751448425665
199,5.283311603952602,-0.2224340860626825,8.126583618121694,-0.001831151103337308,-0.000330664714754013,-0.002634684346647974,0.16193479951143072,-0.0334190377068166,-0.23750641572545317,7.6750645659541386,-9.625713648749294,6.184272254704642,1007.0675734871043
200,5.312857310132814,-0.23634288890715577,8.115657465561078,-0.0004258100583707659,0.001321891541712782,-0.0026751755559271525,0.15986542961913858,-0.05084830689854333,-0.23635229873227584,7.705391272534028,-9.69144111107962,6.154799106508782,1007.0576162080091
201,5.25262977199831,-0.27435849526097017,8.13599006237588,-6.92826961988201e-05,0.0014109806495842367,-0.0002140300168323719,0.09579149037149194,-0.0912909525234526,-0.1937301258428027,7.683156057434472,-9.744296357482515,6.019871837072069,1007.0467626260022
202,5.226884021317417,-0.3168594232502546,8.176863464985853,0.0009644268782771756,0.0017743105447209754,0.0015187287198894363,0.05285517981506018,-0.12512438532082387,-0.1537169172344861,7.669623779653371,-9.768625767490827,6.041326448644404,1007.0371303073058
203,5.23742672310412,-0.317372642714075,8.146107639381789,0.0010339876177185038,0.0004706075276721959,0.0017199273639300278,0.060298750865391576,-0.12762955406890303,-0.17616012298515626,7.643933782037098,-9.742091603856291,6.006212732923972,1007.0269056221346
204,5.2456667355573705,-0.6221598939892483,8.100941522286975,0.006116160809702878,-0.0014914007756114678,0.015287637621318644,0.04706679888789625,-0.40238879001109795,-0.20949731028818996,7.469196581192449,-9.645724639959441,6.076967980178028,1007.0189897419751
205,5.229176610048269,-1.0684994645983354,8.036908926748861,0.016561319009696634,-0.00427944369990182,0.031138036801118582,0.008856828388462482,-0.8068984691808536,-0.25331860741447404,7.104264547875427,-9.501976727501349,6.260478135106219,1007.0127589288115
206,5.236578966451579,-1.4475218969189276,8.045401520643798,0.02536094760521656,-0.003950118810863801,0.043827470100105514,-0.011079685932678777,-1.1480117357439295,-0.227408714210111,6.595500752348994,-9.246091837881703,6.681825327774253,1007.0082114085292
207,5.198801261799772,-1.724730471393253,8.011303319623686,0.03300292366012402,-0.005465137884976446,0.05174036570636682,-0.08116915672585469,-1.4048676515500282,-0.24966479550598733,5.9557697943095445,-8.922047777608675,7.328699571299325,1007.0100659205569
208,5.234997374068905,-1.8755314397639558,8.01222563023386,0.03752399363529267,-0.005579434068551494,0.05617656142355259,-0.08366557322261567,-1.5358506392518874,-0.22822219199181054,5.309673714462905,-8.557985510022807,7.99444730127958,1007.0209210887682
209,5.264713114143865,-2.009412977277607,8.008343685872802,0.04068901670921852,-0.004743292630026954,0.06060102767147457,-0.06564354276448457,-1.6693668614622796,-0.22366345036936763,4.653135288619704,-8.099321744122928,8.544146110274848,1007.0405508852978
210,5.2861754695204635,-2.170512090922918,8.04338237261091,0.04388583047121067,-0.0020074139398731437,0.06612517639569376,-0.04043981755688615,-1.825941343778058,-0.1837790850424277,4.01258955845595,-7.519787244529875,9.187231897620922,1007.0646266975749
211,5.279403733108499,-2.2765751204779163,8.0616917754996,0.04637904901539351,-0.002702106540505967,0.0692129978782022,-0.04232338641102821,-1.9079089038589918,-0.1733363858909476,3.3709699265655018,-6.793643440895146,9.827373280730152,1007.0877426955457
212,5.295263101499811,-2.3410130990324287,8.056067463716337,0.04799250675865502,-0.0014285661833876185,0.0711251027947211,-0.0042203714015445065,-1.9601076553547547,-0.18405701099508961,2.7473878974116817,-6.038516321190233,10.429265147843386,1007.104613763071
213,5.349446784022945,-2.343529703495304,8.001940989376413,0.047592749152380334,-0.00211250151431981,0.0714666845326273,0.07233815785786804,-1.934196657181904,-0.2558631764178866,2.180488224012106,-5.247126496716332,10.98722424860077,1007.1163912871353
214,5.438811245865817,-2.332831854499314,7.931623151720707,0.04762597700500473,-0.003230990942703834,0.07095449498001055,0.1793557808226051,-1.8829898050780831,-0.3371805540909044,1.6507580947227742,-4.369430096187301,11.5668086115193,1007.121070855466
215,5.49575201708138,-2.2886869880031115,7.881088414033807,0.047246641458127125,-0.0039010013267624906,0.07001142288146067,0.2585585029411947,-1.8066059557490524,-0.4021002372143866,1.1558502978015044,-3.4589195236898687,12.166698963015198,1007.1244862093432
216,5.497037316137842,-2.275014357021935,7.882729921767925,0.04772521274642612,-0.003209594398422203,0.07048542812429251,0.2898374096403896,-1.7394314521113083,-0.4080056698526462,0.7783901989783452,-2.550367418335105,12.656766774119188,1007.1277415351409
217,5.466236165039673,-2.2876192248052276,7.910486096662999,0.04866028969391428,-0.00381968999880694,0.07125344560697604,0.2825420772771978,-1.7070929428714623,-0.4009532742829584,0.46590103143256806,-1.5509821995849786,13.140606141998221,1007.1316219143965
218,5.453159899849344,-2.2679094403225486,7.928459992576444,0.048381694492904394,-0.002544476599982832,0.0718518468515814,0.3041878400298127,-1.6455408253161667,-0.40209572602062854,0.2306100006616724,-0.4929875129030772,13.556970144106664,1007.1390504228807
219,5.420389530881065,-2.252908176196309,7.921114777285049,0.0476705223716072,-0.003412117282842573,0.07141707402404923,0.31354638807058555,-1.558152908751134,-0.4250734823500008,0.05389131466150704,0.6110094314916312,13.896356252530431,1007.1444720736529
220,5.404110843379366,-2.1180551469359905,7.957629501966475,0.047462958757715015,-0.0020902108612252746,0.064921909057971,0.33694166730335556,-1.3833111553549824,-0.4098216625238411,-0.03138676172294866,1.7163214884096765,14.14976050624449,1007.1479137088162
221,5.367188717105078,-1.6428568928615341,8.006150916961884,0.03882677653444323,-0.001544235866261236,0.045950780280258674,0.3320360709467902,-0.9038423063730783,-0.38781599334313127,-0.06830052786129268,2.514719414292689,14.36269604634258,1007.149910241887
222,5.3400828103805225,-1.1870556189169572,8.034200775666976,0.022402424858971197,-0.0018333045584628155,0.03362006503020109,0.32844504367146704,-0.46301792318507273,-0.3704763573880345,-0.12058696343142247,3.056052785360752,14.517910219926481,1007.146915224775
223,5.343724908979799,-1.0865732222197941,8.049214304852574,0.020594072815678093,-6.95761370290576e-05,0.02973284262681464,0.35217872517909954,-0.34434498727158863,-0.3545480001077791,-0.15397865526822954,3.544177830125851,14.655867127819898,1007.1443378737894
224,5.345203575495356,-1.0036667126663597,8.031393569682676,0.019473986358604176,-0.0003360434219095483,0.026602267366618016,0.36660911987879535,-0.2652093597337033,-0.3784772838689107,-0.2002185227801066,3.991687875665371,14.766915824288253,1007.1418589544859
225,5.373655350002159,-0.8492747539548,8.058209450290333,0.016678562553327336,0.0014100641768396815,0.02051596647887259,0.3912965851734426,-0.11786570958035583,-0.348562849326443,-0.2504860820642086,4.308275502187737,14.846341232891936,1007.140049730631
226,5.371408846374514,-0.6673192365983898,8.077113938146313,0.009267770620720341,0.0009045787546362551,0.015010480094054228,0.3888094296347213,0.07110957134615198,-0.343209784129565,-0.22401910902181615,4.554669817625709,14.883400200513863,1007.1414294911767
227,5.366747067303656,-0.5209827708489339,8.112076877517048,0.006657960812844787,0.0021106662607429604,0.00879937180518054,0.3840002225872309,0.20352651342132577,-0.3199577230961983,-0.22973759779050867,4.7339156080691644,14.92876510613134,1007.1424365008402
228,5.356504787215485,-0.3767210517900343,8.090716272545095,0.0035789749020918166,0.0009454669263445194,0.002719270270479076,0.37274444966396614,0.33831608707751143,-0.33332832021253245,-0.258004887761148,4.829441369266831,14.9338006898311,1007.1416461586153
229,5.346673384188261,-0.005208414550253171,8.113972110053675,-0.0071191206693918315,0.0008662142672389777,-0.012196946268181946,0.3510343622623605,0.6921875481239923,-0.3025567950534761,-0.3020816704626167,4.74377281879096,14.904276935122644,1007.138554718232
230,5.322816911667712,0.29291422383489324,8.147287060437133,-0.015097237006601965,0.001978829497270683,-0.02421260631181235,0.3149547223512834,0.9844697020566711,-0.26074444823240883,-0.350540863198212,4.430970918756474,14.803902240556592,1007.1294761948534
231,5.29122414642707,0.5418033325054659,8.154689039888133,-0.022380587687623837,0.001532569339119537,-0.03404252932015703,0.2681666122914848,1.2361266249577378,-0.245935526639647,-0.3905637870215303,3.895319901060188,14.707071164470022,1007.1152240512553
232,5.273596557237862,0.6711601419609758,8.162847864179954,-0.02492423061577254,0.0015981150825108692,-0.03934354072980675,0.23165355984729888,1.3602213497820634,-0.22330820726295886,-0.41661303439093705,3.2448009242895974,14.623519037246162,1007.1002465770222
233,5.25344804603478,0.7559312852430004,8.168045506992096,-0.0266125141981842,0.0016856367950300883,-0.04249176273058999,0.18771145783833812,1.4390236094238014,-0.20076443091862067,-0.3912555187693138,2.5151652198796985,14.480794357320512,1007.0853373102715
234,5.235996727242218,0.7781038523247358,8.187639908123971,-0.027902577965497576,0.002664518052620972,-0.042634044346113065,0.15555591276696912,1.4523139315041607,-0.18200293799534684,-0.3407305785402555,1.7588279238989104,14.28584758863823,1007.0678808126634
235,5.216690437845946,0.7358169955549204,8.189379826004442,-0.02671990756976324,0.0014339512376994933,-0.04012173412949084,0.1138514233949631,1.4011102858422895,-0.16181829627378758,-0.27394940577497606,1.0068126121443912,14.232892244772165,1007.054418979236
236,5.195579593407911,0.7209649384164104,8.179498142485073,-0.02667490119730171,0.001679176365508012,-0.03917602044372221,0.06301611852390103,1.3753767128790544,-0.15667403612644157,-0.02959262316096528,0.8763249793583887,14.143336975963788,1007.0437902290018
237,5.1912268051321835,0.7387219106677582,8.155676558619168,-0.02829031160769671,-0.0005741242065327164,-0.03954195739148509,0.02828110081930931,1.398115204690758,-0.15610842941707004,0.2842171412807466,0.35299619593056375,14.40416605830025,1007.0358989041868
238,5.192456695654565,0.7423172129195698,8.118541013584244,-0.027992960210265948,-0.0017137710826326115,-0.040312941268690596,-0.014991325716353407,1.3911472607040747,-0.1624803897743735,0.25534180983068133,-0.5136408654991365,14.358492524110002,1007.0300054723093
239,5.1885857169123435,0.6742750967936605,8.200792306300988,-0.026498294958919453,0.0006362427819649199,-0.03782365542326332,-0.06415887835423183,1.3141192598261788,-0.06991465828160241,0.3068679739553716,-1.308731060905994,14.173320751024187,1007.0257041876628
240,5.16625000151469,0.45707044362311433,8.22128821536007,-0.021525826958046355,0.00038108170600911816,-0.029199326451578116,-0.08993277006183632,1.0783436264071145,-0.04243630739574103,0.35847127087944564,-1.857632644137714,13.90769675934439,1007.0278618746287
241,5.134560584286873,0.29118048173734523,8.17159542105304,-0.017162718012813,-0.0017949324844506644,-0.022640197706885197,-0.1345122454738923,0.8803118002517144,-0.07691096302122416,0.4389323913859194,-2.2990151953079208,13.813840184856478,1007.0339093553013
242,5.181817593372153,0.11478786626842427,8.187849627493367,-0.012416889330862737,-0.0009147059021664256,-0.01595274435309168,-0.09912146936520466,0.6769947246429152,-0.06264129877672936,0.45233667891360946,-2.6169779602446357,13.686651788131764,1007.0421979220508
243,5.24655578648694,-0.025713104582219676,8.170727787545603,-0.008085067076607996,0.0003911534350807889,-0.011042336301567594,-0.025151549389097236,0.507001402256821,-0.08045669855441512,0.5665657438958857,-2.875903712085784,13.584183178456428,1007.0544308865391
244,5.289504235415899,0.03800542782073435,8.144379428296826,-0.008989546607761526,0.001500514195467206,-0.013811566302945829,0.012485361158377228,0.5445738913132856,-0.10130402350725942,0.6285204863379106,-3.086311531132006,13.476699865288317,1007.0679757391858
245,5.3044102566033935,0.07364539596019959,8.12820103225655,-0.011648978149023909,1.7008093613268393e-05,-0.013241863407996957,0.02097469644823571,0.5390410409057427,-0.12816915647112925,0.7397867123053159,-3.375939273805079,13.467719498885648,1007.0836119108772
246,5.317335791932028,-0.24626657682193775,8.109075998747427,0.0011261320916720174,0.0001507408846281029,-0.0037931458445950757,0.03152007279907757,0.18774334741360704,-0.14276983884963051,0.7839615896548998,-3.5074514783128685,13.354948675244737,1007.0990432577763
247,5.3290032826299685,-0.32086133217787655,8.108588055217236,0.0060365240336698305,-0.000793791986976057,-0.002702747669485567,0.020437850418230093,0.08863323497973664,-0.16065355303326553,0.8096880240752478,-3.6073956842407706,13.315905086157843,1007.1131088713075
248,5.30620350418198,-0.2998069377326207,8.074131373901324,0.0006050438141722465,-0.0007825523065595674,0.0017689362285075623,0.0074707157083972915,0.05535697021553241,-0.18102506081487285,0.8700256416495276,-3.6330188748876746,13.499206542862137,1007.1233745719695
249,5.327119858968123,-0.2667239497155818,8.117886840713492,-0.0010100272116524158,0.0007024160552003957,0.0005977596124610764,0.015940581682003137,0.06887649308618139,-0.1354577823063452,0.8591462366112812,-3.62775780246125,13.514822398607679,1007.1302485422594
250,5.297404712473885,-0.28797622858528654,8.123089920598812,-0.0012776355921778463,0.0009104710939326806,0.0017772603817176253,0.006597124345943039,0.04088277939994088,-0.1269374972719604,0.8377325653180038,-3.6519863439100826,13.487432906237675,1007.1347502788793
251,5.275643031731967,-0.5722027448604043,8.131727500813804,0.005629423005023159,0.0003776132858247232,0.011653505629121248,-0.009684082488008785,-0.22882028309307084,-0.12368655355099073,0.7840020358021703,-3.479119770796359,13.423865017143525,1007.1380358433871
252,5.260736609842416,-0.8371888797967877,8.132495439758236,0.011362481650629773,-0.000183964829798567,0.02110793922564177,-0.028803246434995038,-0.482461023326391,-0.12357510389379328,0.7208532081268367,-3.21324569378975,13.381835292300341,1007.1405572536224
253,5.275820510515524,-1.193698005853311,8.081922957567453,0.020471054060448406,-0.0022345798177641216,0.03402141041199961,-0.017275270104366264,-0.8289801068333273,-0.17418352245376234,0.5937464506625076,-2.7824866110124327,13.500753790702388,1007.1440877215596
254,5.29738771632326,-1.5944407049333071,8.035374475272308,0.03060228490937329,-0.002865662856717935,0.048369369943479006,0.019461988144775667,-1.223689461480957,-0.21034079962560898,0.37366173462456015,-2.102039092522742,13.653613599494093,1007.1483546439923
255,5.313814258665827,-1.8845990565049222,8.000862702627355,0.037601576367711026,-0.004186895929570503,0.059169298596036896,0.00881267113824947,-1.5150890817916516,-0.24486521205614178,0.11059026197988281,-1.1985156106853665,13.929596842301521,1007.1514688308242
256,5.3329421499703065,-2.1131033945186264,7.995513452088874,0.04540003042323796,-0.004731823265322106,0.06646919351551837,0.027306071796409488,-1.7426959789252594,-0.25219706466605263,-0.058392347177875864,-0.16476202062208078,14.162120442796152,1007.1525049256006
257,5.342930650139666,-2.2859398796734998,7.986359277942358,0.048198122725064976,-0.0042041574024864435,0.07416110826768894,0.045831727316646816,-1.916127033864678,-0.25824108134054263,-0.17575114756520285,1.0164614108986534,14.507246176879834,1007.1531992471646
258,5.347332517458857,-2.3929265916630382,7.9658640830572685,0.052154907412610314,-0.004146404064006588,0.07704793631957543,0.05194738107516404,-2.0036547708104164,-0.2780525733496209,-0.18892506688239288,2.2812591011896943,14.781160854143646,1007.1530876058761
259,5.348160493163069,-2.4855073642393304,7.96490470170658,0.05564973994112008,-0.0041933544782748414,0.08062309842027619,0.06744614797821244,-2.087670190996698,-0.2805471598500309,-0.12212990322589064,3.6161506895561053,14.972691790466875,1007.1523261419899
260,5.36538089760654,-2.541890044779902,7.98656217604912,0.057250493086716106,-0.0033023166672404135,0.08305857034516106,0.08410513404766892,-2.129787410462681,-0.26893094149289803,0.03469178679317293,4.985373744588516,15.057636543529778,1007.150966407416
261,5.367835002462433,-2.5295324040296223,7.984855074628579,0.05705928692385381,-0.002128306793844788,0.0837932153297985,0.11061038703635916,-2.089969783570122,-0.27986598517919387,0.33727405722563947,6.306010704517915,15.01908182523715,1007.1466348828052
262,5.377714205194886,-2.4941141239670728,7.964621476772724,0.05546477927714694,-0.0027736988689186547,0.08348098074971282,0.14813548913433694,-1.9978666276332595,-0.313774853056173,0.7007281388539877,7.667831136295535,14.975403459441356,1007.1423813049101
263,5.378084570354552,-2.574435367182093,7.960783246480468,0.05796757846206239,-0.002980628836962459,0.08644045429054584,0.19687636197462927,-2.009282597233763,-0.3501937919673749,1.173165858130414,9.001951505318369,14.848900528709377,1007.1391120622169
264,5.360927792289096,-2.5042816502973873,7.958400619870626,0.056355940994059814,-0.0036067896477066713,0.08401343816421344,0.23867923759672688,-1.8637963494793945,-0.3720615280639648,1.7420789202999147,10.237299901867038,14.600719407321648,1007.1368908210346
265,5.342999443521546,-2.0505025860363864,8.006408799976759,0.0448354867662709,-0.0025081836445725904,0.06560474534752113,0.2770901572769014,-1.332782342295403,-0.3594095305789504,2.2635592303884144,11.283148026138255,14.371559090969646,1007.1392477121756
266,5.314666492848842,-1.6054351533438171,8.081762056579667,0.03271985527386279,-0.00041457768483957064,0.04838066390149527,0.28827552825114744,-0.8349359427512838,-0.301976016811916,2.5413122355761493,12.020844214780332,14.002428642783242,1007.1488207753008
267,5.326668051306156,-1.281844291585035,8.090321576156585,0.02476462303900625,-0.0002813100291254396,0.035685974868611,0.32005146865796125,-0.48905069534946155,-0.3087359189933671,2.7750317851710236,12.51251899187438,13.652135767829986,1007.1606304446505
268,5.409199640374768,-1.0081500717610212,8.050656385783528,0.018113459931923228,0.0009466940749660179,0.025147696147583543,0.4174257968336703,-0.2213922982276641,-0.3497477144045212,2.882974681105086,12.805346691669024,13.339281516267965,1007.1711872188167
269,5.507679907233464,-0.6768323217308279,7.990770090858834,0.012743918949680456,0.0003343148617712782,0.010132307865709478,0.5006411092918448,0.09198749239541226,-0.40831546518014644,2.2917202394824217,12.737196222251399,12.42476735589834,1007.1831791237909
270,5.641027209342401,-0.11900850282385844,7.924711580944526,-0.0036004678975135908,0.0018557329186055039,-0.009385866410010208,0.6259078525653426,0.5985859301098237,-0.4691137602949378,1.342580590100686,12.257665085281877,11.308737483069716,1007.1920138738667
271,5.671797019985777,0.1645472759536225,7.940150753008263,-0.013854043469876605,0.00354256196163636,-0.020551874859397412,0.6417586847439598,0.8971747217381396,-0.45059924764850656,0.5594044507388857,11.78513514655667,10.680701242968352,1007.198544394052
272,5.860193476973141,0.14398076896373257,7.786253532916594,-0.01250813002897361,0.001796342276473366,-0.019018767659330926,0.8159498466882115,0.8663860983611911,-0.5948229758289255,-0.08505950832553866,11.240481895924265,10.208033786744476,1007.2074945628957
273,6.1326341548285095,-0.1489475532095363,7.546112578414705,-0.00557717916768913,-0.0011105925712180827,-0.004168035719489009,1.0357126544386515,0.5881382659962588,-0.8025768366220931,-0.5987908382289996,10.95632208344785,9.923798719353709,1007.2203957207239
274,6.349751063078634,-0.32595342155364615,7.404567131867832,0.006318160022023804,-0.0012909947711802915,0.0027171307300202976,1.218383356178451,0.4110018061953655,-0.9214982530196871,-0.8589459563465544,10.782930796381999,9.704143306425133,1007.2363042148644
275,6.489104347704549,-0.046396578368554986,7.294970894526837,-0.004103165148870899,-0.0020913721375250315,-0.01348180005918198,1.2945725056376916,0.62779559462729,-1.00222522755549,-1.217115018135306,10.455988777404981,9.529861671030389,1007.2581173798326
276,6.796596307458595,0.02341197953620862,7.095703128759174,-0.010260747779912309,-0.002107217299638725,-0.01811706582971932,1.535641697071858,0.6703785525527316,-1.1611637422895125,-1.475531744531996,10.047457456020764,9.616288968017248,1007.2823232738021
277,6.454473605393085,-0.6335381819859364,7.309653182261301,0.01677285372536832,-0.0024002745275518516,0.036154075099757585,1.1317534167457393,0.027640080450927362,-0.9061492596975775,-0.8425641769324427,10.3867252596035,10.469959637067069,1007.3042153084618
278,6.21543386049317,-1.7897837591031625,7.4010244761587485,0.09719678988177728,-0.009119988631729957,0.1477970025883133,0.8806829449821783,-1.103227231537472,-0.8096683754465204,0.9452452419750615,11.88311346554214,10.820096842118854,1007.3201930739676
279,5.886961586410468,-2.5063767410025557,7.543762940838214,0.1466239620247737,-0.01661168431086523,0.22276420683515774,0.5513984865337044,-1.8149791867786034,-0.6644539445652091,3.695070523113403,13.434844317684135,9.924115997438076,1007.3307413032774
280,5.532181456856447,-2.520279575493333,7.837766826775744,0.14951725637260435,-0.01633578401068673,0.2229281782464636,0.17830323440674556,-1.8298789660341577,-0.37685313304405427,6.862051054120041,14.349894245115962,8.392747609237231,1007.3325450543717
281,5.264208889852758,-1.9835560154540228,7.96831826209407,0.11781033457358762,-0.01951081571744319,0.1680716910838556,-0.005654278403567331,-1.2966063762841866,-0.2928129853065239,9.483688272475039,14.665899826643162,6.959121795740037,1007.3303781167075
282,5.438219125988035,-1.590184557054631,7.986080441778556,0.07985869373562846,-0.006399180083892737,0.12859366262866945,0.19704779926317076,-0.8292578203411047,-0.27303684338257384,11.536781190043907,15.045843435933108,6.052882949190536,1007.3285699296522
283,5.5413739243002365,-1.0980250795955704,7.9563584977126025,0.054617108687300284,-0.0044861303537740704,0.07614909118411782,0.36546950577042536,-0.3023917282477544,-0.35285959472310374,13.106205991530304,15.281593189653165,5.412585697582503,1007.3272502355621
284,5.632207343763788,-0.37309294868969345,7.913395251830956,0.017810800301114413,-0.002062013595867139,0.012646112512770091,0.4921787294300341,0.41175009538545504,-0.40591805653743657,13.892940215642023,15.49914573258498,5.2264373197237415,1007.3304299105373
285,5.497249524934311,0.04839246518489576,7.990874800937778,-0.009673981759022888,-0.0014950564161998693,-0.032045194632890926,0.3544496819468024,0.8462371084415743,-0.33104914159341786,13.922325521906329,15.895814566733648,5.635062831729641,1007.3390781753607
286,5.487093241705251,-0.2744305284500368,7.999815661272831,0.009061414800960569,-0.0017676537601045098,0.000994016160323928,0.3381534391536327,0.48259098667978645,-0.31818293996486524,13.759364367301822,16.04153432546443,6.016287487205554,1007.3481829326385
287,5.563964726378165,-0.5489577689163779,7.9400621281916335,0.030760199464580223,-0.0002960274078250692,0.03382436349595538,0.4263223825880168,0.16426626320050575,-0.3818794117712857,13.895258172178075,15.995699907663747,5.675091800865565,1007.3576208580984
288,5.646014781036482,-0.5819340720440233,7.907199350447999,0.03776947452011289,0.0020686315769989885,0.04532536661912558,0.5415460154404017,0.07861860018709388,-0.43415937767095664,13.983187958171357,15.52809444058374,4.536885221097299,1007.3703006782381
289,5.860298115470849,-0.5067065708244616,7.794872797904629,0.03349393162158634,0.005498651113482061,0.045605067734457244,0.7980113243918534,0.10530029013926848,-0.5816814241215505,13.88611235483231,14.915442050848855,3.115398845283381,1007.3847903234316
290,6.0332766633578645,-0.37706660759216976,7.656491724402004,0.02663998975243438,0.002094702565744711,0.038199098346553044,1.0042090243415638,0.19167153957555216,-0.7465396420510891,14.019789016909403,14.359448649785298,2.0483157349649215,1007.3999824706292
291,5.980260854052808,-0.38871294231087566,7.671485533844873,0.024382924402162345,2.337923334163076e-05,0.03886001875414283,0.8936040491668844,0.16177418257576537,-0.6982290501862417,13.921525618634858,13.988455066551445,1.2847847212374113,1007.4122039403546
292,5.894250731104174,-0.7283739193097176,7.72361791416598,0.06612187968983227,0.0014026089412976638,0.09652541846216531,0.8029875380320672,-0.1967557390892979,-0.6406098460549761,14.390497741563083,13.440497912782325,0.37185011463428574,1007.4211237041155
293,5.772323731472819,-1.0424127190998385,7.799474762536632,0.11771024394527235,0.0010711369539663442,0.17925688759112673,0.6964804522401207,-0.5929877066374993,-0.5818112107364891,16.1992591983405,12.058495768051742,0.06888558753364693,1007.4242122098647
294,5.620620475427045,-1.1395302900932978,7.879405167056003,0.13991493223920512,-0.004917628533104118,0.2199111777893029,0.5643582322356893,-0.7731229553820801,-0.5238338177960299,17.69435598703861,9.440922305061044,-0.4160900993390482,1007.4217875011669
295,5.354451823504301,-1.0064967431072334,8.066679612263579,0.12177864229913937,-0.0034652711497083133,0.19598199189048085,0.30605749306832447,-0.6809307573128456,-0.33683232736277996,18.430671124688253,6.662861597407083,-0.6275117976193212,1007.4145560944504
296,5.1980253306902116,-0.7937174129523874,8.170103391413656,0.09091390548509158,-0.003354644209959721,0.1413164056086859,0.15723024930137997,-0.5019426520141477,-0.23851893688934195,18.973239626722638,4.346077204559178,-0.7777739310814886,1007.4050735858973
297,5.299713779190149,-0.666343723614693,8.102710290683016,0.06693162552239176,-0.0035643908194802182,0.1070670728059177,0.25573667844834247,-0.408087971646115,-0.30763350727947547,18.777283427891057,2.4070658653335526,-1.5241939218200469,1007.3966480658338
298,5.495975701057279,-0.5951385710850118,8.054260738798904,0.05216968878139485,0.0006902794613762348,0.08063278249550757,0.42212860801651986,-0.33752467717037987,-0.3350707172810864,18.194189122678893,0.5875368070094416,-2.3087279482592233,1007.3894065107892
299,5.288312788944966,-0.5144369745690689,8.009062860975117,0.04124352103762131,0.0022799410410079485,0.062030872239205684,0.20219875595502956,-0.2844859509189185,-0.364257916589139,18.79759159884634,-0.04576136900714989,-1.9929207539787757,1007.3827608001404
300,5.087234633842866,-0.4887942354070262,8.265774909357724,0.03282425210966122,0.0012659812967502073,0.05361962974525501,-0.0027408488059093017,-0.26692608720471506,-0.12393420715013798,19.35725093555687,-0.9363248450392515,-1.6035440174210303,1007.3761379745997
301,4.846357558790009,-0.5284132778128383,8.323515900514288,0.03488794516662604,-0.004715382335842629,0.05313087267181131,-0.24054441290619882,-0.33131089290493027,-0.053195418205959355,19.447986964193444,-1.61621039350795,-1.347957707724562,1007.3710158196847
302,4.819548571130234,-0.6170149784017127,8.426842839351451,0.036264927479763995,-0.0037663039484776635,0.0554613737893179,-0.28690556862747824,-0.4044070372927257,0.05903274799820869,19.39099110341167,-2.201399705133817,-1.070038436013652,1007.3657934786663
303,5.033908637837669,-0.5586542559058214,8.290105428140055,0.03205373064275898,-0.0029893820434158617,0.04561527102693116,-0.0877388150731373,-0.35850462942042316,-0.06830761341230292,19.280208782850785,-2.8529767163126896,-0.793219404462786,1007.3619819855146
304,5.2348299494703445,-0.4863128682779793,8.15404167110801,0.023736383249345946,-0.002753197069084667,0.03638202479863627,0.07645209832032948,-0.28564081661651064,-0.18291919676275092,18.883123244911744,-3.563712966931008,-0.71788039353424,1007.3592001909143
305,5.482521381841673,-0.42640935192732576,7.9936486720920295,0.017159302855928687,-0.0008391322365070598,0.026308873496774604,0.26619583755365106,-0.2160097356561637,-0.31024790436166194,17.827580247441634,-4.368842814364836,-1.683894100321825,1007.3596637273972
306,5.658085978040772,-0.36817911178560725,7.8664810951569,0.010654623022585262,-0.00048403844004829625,0.018513638439480368,0.3655984404015913,-0.15578906446387758,-0.39297547010153533,17.09041659238785,-4.934878685669277,-2.3401041253029726,1007.3639595549676
307,5.6601090156608524,-0.3092415419434623,7.943731411237576,0.0052204415216119794,-0.012350913791525453,0.01168664552198214,0.3474056638636838,-0.12225067545089524,-0.2926915474935718,17.717610211962466,-4.753135669619364,-1.1394505801813617,1007.36927959132
308,5.2512443535755,-0.3065338757820889,8.139200766211879,0.003652535362124237,0.013145002680362712,0.0070699577624440115,-0.07615779525777466,-0.114402763947368,-0.07866501620102365,18.067447963675406,-4.619997871772476,-1.3124923275052431,1007.3737599723452
309,4.9648337219735295,-0.39900291940316474,8.272528636975602,0.007120014483279128,-0.0008122176087623986,0.014451553852404167,-0.3348767436497888,-0.17935301039314522,0.05820639014517018,18.33260165484565,-4.601534126056018,-1.1399442943373013,1007.3770299506048
310,4.861578303737819,-0.3512775856746513,8.378409486021114,0.006638128044191685,0.0022647248488375797,0.008684955433319947,-0.4750651950553142,-0.13140908762615813,0.1704017402257575,18.37474184791863,-4.649236239061543,-0.9295192751602092,1007.3792517286356
311,4.886283628693809,-0.3030439666433069,8.368237769422258,0.004447600007661153,0.001663098836413449,0.003876335654789208,-0.4504305529091182,-0.09014612573186409,0.15005864115210224,18.447577849270097,-4.724191474273067,-0.7759529709166422,1007.3808732795301
312,5.079847945570556,-0.258270569883758,8.235327251331896,0.0020415112396194464,0.0009693195122054665,0.0003116419710698431,-0.2627646835918771,-0.04992969632450993,0.02207897542709683,18.514729365097335,-4.7681090076574275,-0.6473716991638164,1007.3829636727808
313,5.209299082839436,-0.22336460243099732,8.166717618094355,8.636994396083071e-06,0.001076422935511492,-0.0024268009956036002,-0.15259055021957704,-0.020880492799605507,-0.04059913736917006,18.57305682884865,-4.866353608855333,-0.6962847201570632,1007.38906496907
314,5.341375610927014,-0.18683922871795197,8.078248372464644,-0.0002604777382820793,0.0008886838125483281,-0.005065821809123213,-0.0527347875383528,-0.004963951296026583,-0.11838796910874863,18.630844138176723,-4.890937860797112,-0.6969363235262303,1007.3987533194961
315,5.477072219267917,-0.15247043868152624,7.9799588969361865,-0.0021513721132498634,-0.002246184249650468,-0.006616236746751752,0.061160209651728206,0.00936860603879556,-0.20191121149827684,18.28186421006296,-5.144438301927891,-1.0503492184002428,1007.4105442010494
316,5.687136318627811,-0.12165665378183922,7.844909647631541,-0.004420975895564165,-0.0020136697311398297,-0.007937149312307653,0.23013452428761583,0.02131541685126926,-0.3068565779314163,17.432854070756495,-5.479684807979347,-1.988802313204534,1007.4225298972306
317,5.79091962487296,-0.12044060512572749,7.8505681297092975,-0.007203468827678829,0.0023690313493584104,-0.010786881294060857,0.28197209437662507,0.026519659892148113,-0.26997847411924736,17.160837590021153,-5.387362939411639,-2.3113029260093896,1007.4325143582727
318,5.519093162254559,-0.13748307313178862,7.87147702772275,-0.009125133815698582,0.0025944429572939873,-0.010173524022330632,-0.007054747912053128,0.015124452152678616,-0.21152063723300246,17.753071996904538,-4.609052666684957,-1.7698421323892373,1007.4398014551421
319,5.252598830685714,-0.16292540316423265,8.149027594651402,-0.008869746793154897,0.0014419070789369725,-0.010032112456007346,-0.27514663602599976,0.014406963441231687,0.0587725054060691,18.152642987977988,-4.27490029360149,-1.588525296115321,1007.4445736416653
320,5.072785135802614,-0.16421428350244016,8.266212549909971,-0.0074500459821007815,0.0003356670479689619,-0.011331208097905459,-0.4397271306775645,0.0196391617153161,0.161892458197736,18.508237745479782,-4.039599184475463,-1.386308963294972,1007.4475103364947
321,5.078037035486961,-0.11898806886467042,8.26057264413844,-0.006070967060173778,-0.0007955519866625483,-0.0142232224916195,-0.41512850994315453,0.027432694775619673,0.14497328956664654,18.730448860555015,-3.908993285287391,-1.2887114279980512,1007.4476955727499
322,5.1988884143821394,-0.06573336861881132,8.176504762531108,-0.008495122645979214,-0.001791526659181582,-0.015345095880420146,-0.28259329506166186,0.0471508358908497,0.04779043105999313,18.90958500021135,-3.844195145752031,-1.1923563081805266,1007.4468622562606
323,5.26387481876032,-0.021860175230414024,8.127042359362092,-0.010197412924157472,-0.001706418750852051,-0.01889066604508005,-0.2152615035865193,0.06367572283804486,-0.0016824161101296406,19.085223630689512,-3.672309444406379,-1.0999813731194958,1007.4462540653973
324,5.374017163354425,0.02263492317565191,8.060549387927052,-0.011246915800996845,-0.0008894017931815544,-0.021131796145146185,-0.10957818776127204,0.0723102486808364,-0.06316045288758132,19.229958943600124,-3.4234748146404526,-1.0914261065136561,1007.4475413420794
325,5.544622509435868,0.02235858965961177,7.9569623024940475,-0.0110177684117619,0.0012316527675297183,-0.01830976183890191,0.04780539244763332,0.04124068318710789,-0.16218716927366938,18.589873792949803,-3.5126265275648274,-2.0705317217992643,1007.4484808529694
326,5.715736819170529,0.007806605964011833,7.849044028073039,-0.010250480471852959,0.000312177085398701,-0.0153622769129042,0.18948126656371678,0.01325147952417935,-0.25389934947790144,17.893742782631072,-3.650386982068226,-3.0236839086240384,1007.4438487942818
327,5.8100875533775485,-0.011155292902345234,7.825852061746135,-0.00669770451997748,0.012567854666277009,-0.0135265525412185,0.26479476624302345,-0.008379692858226755,-0.25890649246870545,17.36811279809207,-3.8492658467479437,-3.9164902981226284,1007.4290702244436
328,5.620240042856441,-0.014482509386834626,7.847871279795116,-0.005921828636418143,5.839076322527656e-05,-0.011077880656047583,0.045562751047982436,-0.034900981926157655,-0.21665152466852108,17.829054148048073,-3.050350214233254,-3.190609215799631,1007.4056081774326
329,5.511926406116645,-0.016034941616258357,7.977714710911584,-0.007291655193654505,-0.00145325500286755,-0.009358108509358596,-0.05761082514395069,-0.04560484494175972,-0.09207828082098403,18.303645464257322,-2.905875149570906,-2.831403539364651,1007.3756232213863
330,5.534906182327491,-0.057359807772644766,7.970947453872432,-0.008752461041053481,-0.0004352574182833889,-0.007643642412593795,-0.034793734832950285,-0.06833318455844399,-0.09810135032687875,18.432435380420607,-2.6679624715482864,-2.7977909374916354,1007.3398055808512
331,5.617910867300616,-0.38992993209038385,7.938668201756608,0.02316882835846392,0.006721442031879547,0.03821636611539653,0.08260243812386385,-0.3654187594801935,-0.15502504278785234,18.045582319314722,-2.936791962176356,-3.6139920461852526,1007.3103046357505
332,5.697404497988288,-0.541270688117334,7.871691861672493,0.06728693383231316,0.000843349967440947,0.09369641022656122,0.2014490286579934,-0.5288225684508633,-0.25269387827872153,17.36565568780179,-4.300025872327095,-3.931981140379601,1007.2887735542248
333,5.708572141498225,-0.4815727179646784,7.8406079951041825,0.08482096130506919,-0.0009536276597363333,0.11922977391092178,0.22113523454916328,-0.5166736065659666,-0.2880406874591247,16.206159163266875,-6.129038765737778,-3.677554610656475,1007.2742752012313
334,5.68672325842551,-0.46527562344904805,7.866717350661703,0.1010288355675535,-0.0029182171411502415,0.149425685381622,0.17757248009399323,-0.5372843947663233,-0.2475184671060901,14.606376974210571,-8.111851294305396,-2.998609166711886,1007.2649509753709
335,5.511052703738867,-0.4761730913018797,7.970158058013788,0.11660112737943176,0.00748364008907282,0.1800320200503114,0.007638206081453741,-0.5229422472693275,-0.14361743524961137,13.617992003824275,-9.320346249469297,-0.7561121001733135,1007.2584240079458
336,5.318702455421066,-0.4497124738010544,8.085369707789935,0.12168668697509133,-0.004742602612252457,0.1859328926514344,-0.16945997195154724,-0.45216017606408143,-0.04820711874370395,11.951699216442096,-10.154917341363316,1.612603053528804,1007.2539386022135
337,5.376540749739134,-0.3427472831399958,8.053812649341747,0.10395133237902109,-0.004756543433440631,0.15318331186710402,-0.15280780992350118,-0.30528545224185843,-0.05333775709322305,10.294533407594667,-10.628615810600143,4.054517240176567,1007.2514070758165
338,5.344836110635908,-0.27231035379785223,8.079963724594961,0.07751908206606703,0.0063262341601517235,0.11971381290874947,-0.17230732443186986,-0.206231610209338,-0.02951648979932189,8.926870052575742,-10.988281937738249,5.820259156675836,1007.2506930324662
339,5.093025273399675,-0.2484722737877158,8.26399908094372,0.06171145853418773,0.002133065934589168,0.09859524073346379,-0.37372197146493885,-0.14959479037196335,0.11378926660994276,8.074449886406821,-10.969816224483347,6.89855456870466,1007.2502750920355
340,5.215913607052188,-0.027362652843721857,8.16868055439524,0.03955374635922393,-0.005955562824760556,0.05999089591206839,-0.24566000007381278,0.09828921187564477,0.006300307909578487,7.152821888768408,-11.247734373395403,7.735308393732828,1007.2504852487044
341,5.46826819531524,0.5507015427597133,7.979575173179907,-0.04685088528589641,-8.817365626220559e-05,-0.07975295366553645,-0.0022855373049603944,0.6188608248303797,-0.15733239927033865,6.855687402134477,-11.910267234644536,7.390740354701753,1007.2508858231776
