Time (s),Accelerometer_X (m/s^2),Accelerometer_Y (m/s^2),Accelerometer_Z (m/s^2),Gyroscope_X (rad/s),Gyroscope_Y (rad/s),Gyroscope_Z (rad/s),Linear Accelerometer_X (m/s^2),Linear Accelerometer_Y (m/s^2),Linear Accelerometer_Z (m/s^2),Magnetometer_X (µT),Magnetometer_Y (µT),Magnetometer_Z (µT),Barometer_X (hPa)
11,4.3731649567,0.8798283874499999,8.72903487858,-0.15158733651620002,0.012011751718466,-0.2237416574376,-0.978946773586,0.986992992572,0.48180307362466,0.8947441863762,24.920286789400002,28.434825058,1007.684479
12,4.6407634827,0.71044362488426,8.571592282100001,-0.18477027761509804,-0.004573895769821569,-0.25537387909607845,-0.6579508099947059,0.7720888615443138,0.31244913276050984,-2.3101214988372547,22.887507793921568,31.217638875882354,1007.684479
13,5.0137738036862745,-0.39266286510225495,8.261599327529412,-0.0307527083153,0.00922013572462,-0.017408384215519802,-0.2917306281922,-0.030549856261399996,0.025820403848679997,-3.3210720062,22.0402558136,32.1040127566,1007.683868
14,5.25989399414,-1.719240820258,8.15100290224,0.16523147206764704,-0.014120508332013726,0.2567379002745098,0.0725925632117647,-1.3206009182921568,-0.16405347219268626,-2.1252000098392156,24.025378881960787,31.378187890392155,1007.683868
15,5.03018767096,-2.63782960508,8.11666430974,0.336025268438,-0.02128830500136,0.48759453236600003,-0.2499437822014,-2.37093915644,-0.13907186108539998,2.2730405425780003,26.1085192878,28.1787212368,1007.678452
16,5.096807017549019,-2.105310220129412,8.278819400588235,0.29438037008,0.001269961708198,0.42886289566999997,-0.21137035543020002,-2.0355716291054,0.011352708329620004,9.19039146446,25.502629699600003,23.1740264126,1007.671967
17,5.00262997736,-0.13031900023494,8.3204834655,0.03346543600983726,-0.002695670241462745,0.05611704008030196,-0.16225001892941174,-0.0916566207272549,0.01687593571876471,11.729548136078433,22.572257098039216,21.10493895627451,1007.663879
18,5.189596413960785,-0.3288074179356863,8.153195343019608,0.021307319100408,-0.0039150586916680006,0.02413202922814,-0.0785761586308,-0.3202443640326,-0.16005475816960002,11.118038482560001,23.4317643734,22.1448012542,1007.663879
19,5.51231408386,-0.12821737059768,7.96858623958,0.028553589908747998,-0.0008583223086699998,0.012760909265339999,0.24913271492140002,-0.16629963641861997,-0.285318337626,11.943889617960002,24.970852966000002,19.993315505600002,1007.665024
20,5.38067482914,-0.048717691038182,8.06954230044,-0.008998393387139607,-0.005901591652058823,0.023473974134607844,0.11576909148758822,-0.09093223633582352,-0.2145248033247059,13.009996900980392,22.486503451568627,19.610845154117648,1007.675095
21,5.2963186017450985,-0.14594650268823528,8.127043843039216,-0.032011888842096,0.00889672185944,-0.00929627289954,0.08718131879595999,0.11347579023019999,-0.13699929208692,12.7196052552,22.6139099122,20.205004196,1007.687454
22,5.32448168336,0.1162542480402,8.18575164188,-0.0319081664271,0.01216255655578,-0.0843185217674,0.12688673144284,0.3497562814604,-0.15268903229039998,12.236727294,23.987908173,21.220905685399998,1007.693634
23,5.17270929566,-0.4168501556402,8.2316851227,0.023018836742264705,0.0034905327477117638,0.02348844507045098,0.04172561624335294,-0.3177044279947059,-0.15673763090037254,11.638731638882353,22.566613814313722,21.24846551921569,1007.693634
24,5.258206679372549,-0.1713789098354902,8.085562456921568,0.0269299099641,-0.00674594026074,0.027497081434478,0.11300949944612,-0.14409054142012,-0.26422738397776,12.2622741696,22.130796356199998,20.8670832056,1007.693634
25,5.22830069276,-0.1395637756338,8.09234588016,-0.006268125620847059,-0.00442428216627451,0.010050362961971177,0.062035140190588235,-0.09370929034296077,-0.2448853928400588,12.655870699803922,22.3755860427451,21.029856513529413,1007.689209
26,5.3125035919000005,-0.095067306521,8.11223651736,0.008324046525586,-0.00407833974858,-0.0006656127329939999,0.058424454933780005,-0.043755037700220004,-0.1788249519088,11.78160507166,21.738910598799997,21.6210471356,1007.680511
27,5.51440626254902,-0.10614691341954902,7.94928995472549,0.003793608686362,-0.005581695512752,-0.0019627194572339997,0.25329400286556003,-0.0888936777754,-0.31554204568856004,11.931435394200001,21.430555649200002,21.0568684398,1007.672272
28,5.50138081974,-0.0534059417804,8.01381618346,-0.0038695228377411766,0.021444353129496076,0.002760057647982353,0.21340363982934313,-0.027961636855333333,-0.22272595893029412,10.229188657568628,20.431405460196075,20.01270219392157,1007.666168
29,5.280263752705882,0.014845599011490199,8.095189496235294,-0.00881486285046,-0.00203465657308,-0.014480451550431999,0.0326812460367,0.08432068420782,-0.18292006109264,11.45619560296,19.8882407378,19.7222342686,1007.666168
30,5.80044690856,-0.03870351562762,7.84069519044,-0.01110234667504,-0.012810867363576,-0.0211340300500772,0.489868734586,-0.008657054888600002,-0.41278795458940004,10.83360733018,17.275898818800002,18.102824553999998,1007.666855
31,5.77985572816,-0.10848839721464199,7.722279437239999,-0.0012680483388431375,-0.0035819325266078427,0.0015111742592415684,0.4020087565356863,-0.08686564138019608,-0.46531395781127455,11.855736153588236,21.650753993333336,18.881147197843138,1007.675323
32,4.900230506529412,-0.9000371866105883,8.384352883745098,0.06964187550678,0.017535305981076,0.12817006889432,-0.43410429500340003,-0.8446131022679999,0.17780029752979998,12.341411819800001,21.711184539599998,18.7024975584,1007.683487
33,5.1284942413,-2.12416677244,8.18155437012,0.208495686054,-0.0035996892495400003,0.351829317214,-0.1005820611878,-1.8942426345,-0.08782174094839998,14.238813782,18.9935678096,17.4328965758,1007.690201
34,4.8384064819,-2.5424868712,8.27322074888,0.2908538848784314,-0.0182154184096212,0.4567498027078431,-0.43427286702,-2.361101094392157,0.02359063740966667,14.953570047843137,12.434132968392158,15.84192208647059,1007.694244
35,4.486176829627451,-2.0596580953862746,8.477377085941177,0.20752013743,-0.03939628695998,0.345993635654,-0.943641671466,-1.6428990501999998,0.27736369190287996,12.21076248116,5.3971833801599995,16.2835746004,1007.694244
36,4.447805740300001,-0.8145521301230001,8.63628475346,0.04951615538382353,-0.004333892453798039,0.07897291876431373,-0.9794809209039216,-0.3533141076638039,0.4722678106328431,10.325657563980391,3.049477446352941,17.680452981960784,1007.691345
37,5.231911360784314,-0.7117992176882353,8.13422596654902,0.005336219477743999,-0.014011119027346,0.018656807280876,-0.17745222448316,-0.1757006318226,0.0014377367743060089,10.10222305278,3.31062232976,18.347613297,1007.6828
38,4.70035755618,-0.55955140687858,8.50434612122,0.0018912007755026,0.00770534934596,-0.0012447515315220001,-0.7779020864804,0.040173396727,0.338534151339,10.12102500974,2.79281982422,18.494041290800002,1007.6828
39,5.06308625796,-0.6959926758212001,8.24335485536,-0.0059711024940000005,0.000922172276647058,0.010939271997034901,-0.2308316902897843,-0.008814781502941179,0.041270462101176464,10.39164053217647,3.249080059509804,18.84808401862745,1007.683029
40,5.619414367705882,-0.42555035761450977,7.914042663568628,0.03474149032434,0.011195916094826,-0.018893657219248003,0.31392594545312,-0.14413790152254,-0.29025263916746,10.332248153339998,3.7096659851,18.915159149399997,1007.683258
41,5.6954821839,-0.311831542957,7.81969086914,0.007101488406642,0.0051940589205,0.0056200728752882,0.32020986623810005,-0.03603605495048,-0.36793016263357997,11.3438513954,3.0123831940000003,18.5418375396,1007.688293
42,5.737811160280001,-0.2666614745944,7.84111431886,0.0003815399682725492,-0.0023143869615921565,0.0030795995504941174,0.3615733456315686,-0.019078716215901962,-0.36148728834843136,11.028516581999998,2.130700728445098,18.984931047843137,1007.688293
43,5.296424264352941,-0.14785723519474508,8.19500252217647,-0.006092746408871999,0.011537631342080001,-0.024582459279572002,-0.14503061820744,0.13498298136496,-0.009736210487400003,10.415325775280001,2.021331939766,18.4275351714,1007.686005
44,4.80490015864,0.044550357037340005,8.15741856076,-0.006251872485231373,-0.0013770436108431396,-0.020340038458894115,-0.42563945313701956,0.05141330957413725,-0.13604615764580394,11.554980708549019,2.2884178910392157,18.49410576901961,1007.67952
45,4.90562569886,-0.5476451660178,8.59860810238,-0.00876136033748,0.0010286109615200005,0.04329426493552,-0.4330925513094,-0.26931192864660003,0.3771364516592,11.12492416378,3.12771553036,18.4416653444,1007.675552
46,5.723110495254901,-0.4317815175117451,7.730776708196078,0.027324938938779998,-0.0186055478458678,-0.005206976095304,0.30238224370600003,-0.05436251152260001,-0.448157890703,7.844953765682,1.4504018402235201,15.53617286646,1007.67189
47,5.84082993172,-0.03594624938080001,7.710001968379999,0.004911278984472549,0.001781740135431372,-0.011311908644884117,0.4270040671160784,0.0502140157177255,-0.48523660244843136,9.003694422215686,1.038492688912353,17.177894741568625,1007.669373
48,4.696160754,-0.22066171981209806,8.635859285078432,-0.02129538271106,0.010957905837340003,0.006256429236546001,-0.8141087006659999,-0.030716811444140006,0.5261740614902,10.128472518459999,2.5069586945599998,19.144573135,1007.668533
49,4.43727663576,-0.19290984190298002,8.66044451296,0.0050248135029599995,-0.01503367260218,-0.01130495608335,-0.8761352860218,-0.011248557379159998,0.36063824031386,10.85050849864,2.3695251465519998,19.131656494199998,1007.666397
50,5.12910197754,-0.2636886566092,8.19011656496,0.0030654122116137252,-0.010785611720392156,-0.001255026895080392,-0.1680066371216667,-0.12434296502254902,-0.09419630528215686,11.442939010294117,2.46656395402549,19.282075770392158,1007.66449
51,5.730145865078431,-0.27923697078011767,7.832832129960784,-0.004408585431024,-0.003296578359039999,0.007619690858482,0.2842819771196,-0.04218010157839999,-0.3468395949044,10.74264907816,2.155409774802,19.147948837399998,1007.660904
52,5.41891430966,-0.3736320281532,7.97562759694,0.01756745857254,0.016834154052174,-0.0047676143217199995,-0.04509707170874,-0.04018686325560001,-0.2201922133902,10.423854370179999,2.127307357744,18.5620441436,1007.660904
53,5.380827511620001,-0.24265140379480002,8.08965447698,-0.012831636361705881,-0.01682585587500392,0.011682563867568626,-0.10746574716998039,0.10888735325921568,-0.03389599956686275,10.6213552442549,2.2457491556588236,18.531164356666668,1007.668762
54,5.34508190390196,-0.27740548526592157,8.15011938654902,0.010548990778878999,0.0048102852040799995,-0.0005997697174200002,-0.040897496181,-0.107484545769,-0.04587381586256001,10.443727950760001,2.170337142994,18.41569847,1007.682419
55,5.88388639526,-0.16635506287110002,7.73290134894,-0.005364026981533333,-0.0061600153128,-0.004577036864950981,0.41496697752235295,0.037086462577843135,-0.42340799511843136,8.552692787064705,0.5990676880047059,16.3688726235098,1007.691269
56,5.845212817399999,-0.21926703185578003,7.80948808592,0.0003670429133419999,-0.0021921047106,-0.006174600730141,0.312365557475,-0.036466324854400003,-0.3382945908918,9.02144500728,1.8119123840623999,17.1201706692,1007.696762
57,5.312781425980392,-0.25277435303,7.911791462372549,-0.005984854025335999,0.0014633645915400019,0.002489399738076,-0.5531843386794,-0.0191839639228,-0.006553804890600006,9.105505218360001,2.625111083956,18.916613693,1007.702255
58,4.9692643616200005,-0.3150767944248,8.46267876898,0.003563263266666667,0.0034965279998882357,0.00483693785947647,-0.45934153149509804,-0.07757143365392156,0.3022410980826863,11.212769227058823,2.7834614024313726,18.461979959411764,1007.709579
59,5.3288450801960785,-0.26682748233809805,8.123063884058823,0.0009436950267939999,-0.00013806734243999988,0.0007210077151119997,-0.12364592385708001,-0.0036589017713999955,-0.019653181782999997,11.0609089664,1.860910797158,18.315857696400002,1007.714005
60,5.58376350406,-0.2356759094368,7.88265892634,0.003405068832199999,-0.008085247296023999,0.0024702918292799996,0.1079145280612,-0.06320834053788,-0.3094080007291,6.87182449342,0.05118553165694001,14.166486663779999,1007.716064
61,5.57739873966,0.3255071045076,8.028734161400001,0.0006067119993137254,0.006473106661437256,-0.05078357940122941,0.14474433807078432,0.3873422526847059,-0.1461683987867647,10.449024275941175,1.6844092724196078,18.35633319019608,1007.716064
62,5.1485083277058825,1.1958602546078432,8.232345455431373,-0.1398760961034,0.0022433659154260004,-0.191552216262,-0.30014293548906,1.154134096667,0.05168041672221999,11.644495926,3.60415039062,17.7167888644,1007.705612
63,4.50910027772,-0.5977190369259,8.47801587496,0.008628388421200001,-0.005858729339439999,0.0220109157618,-0.78423415322002,-0.6630435842274,0.2528376627848,13.2153705594,6.13291816712,16.3536053462,1007.705536
64,5.31673080142,-1.3605327575716002,8.618570590140001,0.08542524285549019,0.059724346268896084,0.16649248450431373,0.0055920305484313685,-1.0923753846829412,0.346699507982549,12.513535219803922,4.748690362078431,18.082884619607842,1007.705612
65,5.081218845196079,-0.4442907984098039,7.64555393,0.045326339752,-0.11199423147616,0.029756087670297998,-0.013223536659599992,-0.215651894676,-0.7611402827124,8.67152015664,3.90468116758,16.7384133152,1007.705765
66,5.63130464172,1.586993829372,7.74619670106,-0.10537268186495098,0.0003782737459411761,-0.15060090338162746,-0.19165260525143138,1.4077253314378235,-0.17468279305212156,9.944883084882354,2.84919596654902,16.10232491627451,1007.709351
67,5.08978473812,2.12487629696,8.5043790526,-0.219696223734,0.06721292498978,-0.302847052518,-0.4078858594901,2.161603047358,0.3973951360238,12.34764488226,6.451453857320001,16.3011784364,1007.713776
68,4.225741936156862,0.9054905520924313,8.850656729588236,-0.11607778927156,-0.00463641973178,-0.1793678428262,-1.004154155364,0.9673346765949999,0.58464342303518,13.816111679,11.24787605294,15.542132796799999,1007.716293
69,4.95187352602,-0.44600652467556,8.30967893374,0.0015359679281615685,-0.016575661141274508,0.019528976687784316,-0.4359372139156863,-0.37236289144062745,0.0748047483382549,14.41218903509804,12.92983432862745,16.362318225882355,1007.719116
70,5.82739657245098,-2.5541679920392153,7.7389068603333335,0.17457540370480001,-0.019433742350712,0.21618869841399999,0.41652832488712,-2.396496751364,-0.4560144903476,13.8031198122,10.711783218,16.394677582,1007.719116
71,5.0038604186399995,-1.681624044876,8.27459489144,0.1305212491748,0.014205326196631398,0.21058890432199998,-0.31217089198756,-1.800734387994,0.013870051605599999,13.0644532782,6.42098373414,16.4979128262,1007.718048
72,4.97649133302,-1.5162479461478,8.278639480499999,0.05149803847535294,-0.017442572477290197,0.15335562401294117,-0.3573981470108412,-1.2944824050305883,0.1038718306067255,11.655029072156863,4.520332635647058,17.378259995686275,1007.7164459999999
73,4.9893510616666665,-1.505536867045098,8.333987031784313,0.034698375790096,0.014972836261500002,0.091081103908,-0.34422900019380004,-0.84614552871576,0.17336761686719998,10.862825470499999,5.006452636700001,18.3852723692,1007.714844
74,5.405089059440001,-1.1243359314514,7.84400031742,0.06736545707104,-0.015060222613847398,0.040854162285580004,0.14040486252940002,-0.5952040353874,-0.36775154190271997,9.061174850328,2.6431222533959997,16.65128334034,1007.713165
75,6.30503261718,1.0132639069140001,7.61381199642,-0.07312356829660392,-0.0018670531357058828,-0.12160889057470589,0.8771451309717647,1.1822875521666667,-0.5802784724839216,6.461832308313726,0.9005575740843137,14.058382819019608,1007.712173
76,5.832033987607843,2.4623354294686273,7.749440837137255,-0.1909024233374,0.0177157521645,-0.31618858725,0.5570186737192,2.5506217194219998,-0.4934198305072,11.6811602019,5.31250732422,16.491524047400002,1007.705002
77,5.55359523932,3.25326280522,7.94237574462,-0.27406828485294116,0.002828787658031372,-0.42969593465490197,0.25402863810274506,3.3522346303725485,-0.31423874763882353,14.340075100784315,11.036026898431373,16.599564944509805,1007.694626
78,4.872144793333334,2.656323206254902,8.437712509960784,-0.2764910820164,0.01432384843218,-0.39785206974,-0.3952821277174,2.980933258996,0.1633613937246,16.312191161999998,6.553067627100001,5.91002380362,1007.685013
79,3.7581808227580003,0.6648304778894,9.263702032700001,-0.048305136445696,0.0019651581717964,-0.1261776647504,-1.527952633473,0.6764066161136,0.94921597415324,14.814458008199999,7.47641555784,5.518059845,1007.658844
80,3.7288538086400003,0.33450639038336,9.039893444839999,-0.01654659183272549,0.011441289556903923,-0.023985033599333336,-1.329388830527451,0.18334186650882353,0.7374650548470589,14.044944240000001,7.485050201431372,5.453096726333333,1007.621231
81,4.198862538039216,-0.32561112347160787,8.816967961921568,0.006227432131015001,-0.0024253373592800008,0.024225132516286,-0.8435695459420001,-0.341293433035,0.394249895308606,13.9704093162,7.74473281862,5.33201957698,1007.600327
82,4.72112836312,-1.3666250884659998,8.53349650266,0.062316236757,-0.003269135858504,0.08629931017680001,-0.2963666749914,-1.327859090952,0.09577665563589999,14.36833435,7.19110397346,4.522638091939999,1007.590485
83,5.4810890167,-1.184319195586,8.05152875974,0.04644240533854902,0.001408039099262745,0.09017804827823529,0.4843773483888235,-1.294987957937255,-0.3771820521433334,14.904195673725491,5.823985903823529,4.319723241470588,1007.580719
84,5.42562324072549,1.1755231340760588,7.889525999176471,-0.056891914644917996,-0.0073277697715,-0.07544883455466,0.33591331233372,1.18798457353658,-0.5149004893978,14.802487564400002,6.196700057939999,4.10349639894,1007.580719
85,5.2827155364600005,1.3146142455960002,8.27389434816,-0.09150356828647059,0.009856467810462746,-0.09102580155901961,0.23725768858568627,1.3831391462039215,-0.15202595600347057,14.633419261372548,7.898853227254903,5.61229937682353,1007.595062
86,5.866785955819999,-0.9218609802526,7.6842315582200005,0.006981373708517999,-0.0088022008353928,0.03004061703126,0.803943409851,-0.48628038753262004,-0.7030382198196,12.31265663152,8.19378417968,3.8370419311900004,1007.616577
87,6.512424989568627,-1.2213220124862745,7.221638407941177,0.052835873589,-0.010026386305182,0.054644258321,1.37360322591,-0.828211550412,-1.155575756928,9.36096496606,6.58851905824,1.66317398073314,1007.639771
88,6.85659364014,-0.742162664812,7.05169193116,0.030302676221431374,-0.007007931304270588,0.036758514513921564,1.699976186527451,-0.4876732124552941,-1.2911990599313725,10.798750185568627,5.351273330941176,-1.2753378176262746,1007.676163
89,7.259662278137255,-0.6382991207607843,6.82590545654902,0.033005255778380004,0.00011264533725999947,0.0363645870236,2.07389069314,-0.4648970519112,-1.519381223524,11.22419464074,5.06951614388,-0.25149978637316,1007.6993944999999
90,7.285469787539999,-0.443413916013,6.79388005372,0.026597619755274,0.007606953289585799,0.036204916946400004,2.12722850332,-0.30925290954,-1.536490012762,11.62895896864,4.64371520994,-0.2367813110262,1007.722626
91,7.08278826602,-0.3149450683582,6.914589038100001,0.020944063976597645,0.0067213805500921575,0.03209304206980392,1.8084511630588236,-0.1974206713882941,-1.3485802407058824,11.838354896078432,4.266374251450981,-0.21935578882888235,1007.75322
92,5.9228392746470595,-0.24405131620529413,7.7027526317058825,0.014258165304140001,0.0050146336571176,0.0193398527992,0.51926412609526,-0.11320195799409999,-0.4859721968745,12.236436157600002,4.2259910584,-0.101543426532,1007.7668
93,5.514107354699999,-0.239310351562,7.9729092499,0.006294107883902,0.0005414213893211999,0.008875650037516199,0.082128388919158,-0.09878412898214001,-0.1957004957542,10.2322027591,6.3267273712400005,-0.42882873525599996,1007.7668
94,4.7071474365,-0.2738225830116,8.4965084198,0.0049656714340247056,0.01052589325535451,0.007940543532282353,-0.6915521672003923,-0.13789816253762743,0.30771296832845096,11.52395779509804,7.982522852333334,1.7179649203470588,1007.750015
95,3.2296720975686277,-0.5538570718246079,9.446664383764706,0.0409326357778,-0.0045158656129199995,0.0588679300998,-2.0863879822999998,-0.41214417396072,1.204385319414,11.5739341746,7.82907318112,2.007310791026,1007.729568
96,3.9123602050599997,-1.57009996034,8.96659985968,0.12692268258921569,-0.007622019552784315,0.1976178888882353,-1.421219638937255,-1.4077864420764705,0.7252038792549019,11.721890842215686,5.782524632411764,0.9976563546643138,1007.71637
97,4.36199518434,-2.6088558562600004,8.61465473328,0.242675325272,-0.017406732327864,0.378525373342,-1.067507193296,-2.4939171411800003,0.4254091812842,12.096604080879999,0.9011679076638001,0.05348327635179999,1007.707901
98,4.743826338784314,-2.966986003254902,8.347676212117648,0.23316934436200001,-0.030816733212687998,0.36170132457599996,-0.7633170139364001,-2.70268296548,0.22395199645433997,9.85050903324,-4.85519111634,0.6813536071826001,1007.697372
99,4.57500822138,-1.945935406522,8.56197328492,0.1619568896645098,0.007142444670600001,0.2193750281890196,-0.9325713925399137,-1.7090814205613725,0.41694130708313726,7.076260585509804,-9.155926648039216,2.4537682626862747,1007.691498
100,3.1642141006470585,-0.9137850683784313,9.537287696431372,0.04507253083928,-0.0021500738988200004,0.0632726269214,-2.26668704068,-0.570383404903,1.326549091018,6.062027206420001,-10.53068656982,3.5528890229,1007.673798
101,2.7630472136999997,-0.2590333374011,9.654925479180001,0.005923131478518,-0.007029250170520001,-0.0004874501561663999,-2.50431414262,0.03186691600101999,1.370972037212,5.87818237312,-10.89054801944,3.8882077027000004,1007.64183
102,3.30824945998,-0.10788664855220001,9.45950386036,-0.00014524145828431358,-0.00046182080542548997,-0.007726429286382353,-1.8605008984509803,0.11645423575764706,1.1097290712,6.294956656058823,-11.059206270686273,3.082128711764706,1007.607727
103,4.594131747980392,0.16247976864068625,8.668124542156862,-0.017935511870384,-0.0008345705822800001,-0.016017319685304,-0.5015998279646,0.40296410130238597,0.27862699451219997,6.8104871369,-11.1176889798,2.5054509735,1007.563324
104,3.66734671322,-0.13745017090400002,9.07542056578,-0.010374757605853999,-0.0018855707153199999,-0.001259766332924,-1.3339343115439999,0.13743207961625997,0.6360479213492001,7.3346256256,-10.753275604,2.549347763022,1007.516556
105,3.70101470032,-1.62353583981,9.14115786442,0.025825881664372552,-0.0006924442325490199,0.05859020637215687,-1.1618601402,-1.1951844505549019,0.6606762430670589,6.952224432254901,-10.417685489078432,2.288116305535294,1007.5008775
106,4.257411373352941,-2.140360861372549,8.713031158490196,0.045964163988599996,-0.013776398747700001,0.0721924263232,-0.590198114216,-1.72775946356,0.1867137696616,5.8275161743,-11.382797851400001,2.86608917236,1007.485199
107,4.52463497318,-1.98030693052,8.47959359442,0.044453894135098045,0.005904139147627452,0.0572569659527451,-0.2519215710305294,-1.5864155517980394,-0.04742989613627451,5.1193754906274505,-11.450464660392157,3.7133048562745095,1007.459488
108,4.16804350888,-1.416160079988,8.76386445012,0.02927506199152,-0.006372317680899999,0.0371602200154,-0.5846090121988,-1.081589630418,0.184434864166,4.75177398678,-12.195505218000001,4.3369741057999995,1007.424622
109,4.953050079352941,-0.7244992783392157,8.293943831529411,0.00904731217337,-0.00798146461128,0.012117547159344,0.25252552673859996,-0.41479249778960003,-0.3012100991298,4.26387756352,-12.091409530400002,4.88311141966,1007.405014
110,5.7389847198799995,-0.34032030029366,7.8383510650599995,0.003009295744017647,-0.0013197251485862743,-0.0015456281175039216,0.8820476084666666,-0.05029238156745098,-0.6577150525484313,4.100372389215686,-11.795762081176472,4.832540624274509,1007.40097
111,5.734668812470589,-0.46060686897176467,7.807267644490196,0.0007197690405678001,-0.000822641756472,0.0075060167162658,0.759305461454,-0.15101577626149,-0.6383186524942001,4.029762191820001,-11.90458313,4.89105232238,1007.40097
112,6.1703277374,-0.3963098693868,7.56883951728,0.0095251915533381,0.002369370459879999,-0.002148536522498,1.1225498409560002,-0.12947148799108,-0.836352503025,0.22377716063320002,-13.6542704774,0.509905929566,1007.406464
113,6.52344342956,-0.4756688415472,7.24755363464,0.02470963315829412,-0.0019220883825294115,0.002635961439584314,1.3813787522470589,-0.30930869159809804,-1.1097862478803922,0.3156543806460784,-14.071450028039216,1.1490996865803922,1007.43927
114,6.5629845562941185,-0.9536580343529413,7.231045316823529,0.0391896840931,-0.0012879485262999998,0.03627782687578,1.3216735773319999,-0.9724083805220001,-1.061298900432,0.26748931885082,-14.9255621336,1.7346161651426,1007.477646
115,6.49134717406,-0.9627589325120001,7.36100570984,0.030271112323,0.0030079557466459995,0.0477961829674,1.24930173564,-0.996471900022,-0.914901893062,-0.428601379379096,-15.2985682678,2.258615798976,1007.521362
116,6.5446782715200005,-1.195950009134,7.25682236022,0.04415288048960784,0.00038343894414117615,0.061652851382156856,1.3159349262039215,-1.2652268624,-1.0390458876156863,-1.1783627528962746,-15.32411717490196,2.758165471666667,1007.569199
117,6.580222239764706,-0.8866679292470587,7.277202274098039,0.03477539896954,-0.00399594621746,0.0537834777688,1.277630010194,-0.9475452711260001,-1.018068294996,-1.5054954528316,-15.3349308772,3.44496421812,1007.605133
118,6.27314891966,-0.761233007844,7.50722464598,0.03811282184313725,0.003360153174780392,0.04531074980039215,1.0237911325843136,-0.8316121435666666,-0.7883509649907843,-2.3120002747392157,-15.512856875294117,3.7796848521568625,1007.633438
119,5.79472334017647,-0.6196526022549019,7.767476860509804,0.029669556953199998,0.0025181888603479996,0.0466983485962,0.5842997587978,-0.702770669466,-0.5178304589834,-2.8499942017,-15.423340607,3.6902404784200002,1007.655029
120,5.32806822514,-0.4511558166516,8.140851013159999,0.0274405330982,0.007882572487218801,0.035360007547,0.08800294614665999,-0.58264276478,-0.14757135035912,-0.295882186914,-14.014884032600001,8.076603241059999,1007.667007
121,5.09101517942,-0.46960644840051996,8.200448080380001,0.023079629581098042,-0.0017367278991843138,0.03688841240039215,-0.17898723805509803,-0.5442660980586667,-0.060857614133411765,-0.4805905210880392,-13.826404795882354,9.005582323352941,1007.676392
122,5.379645322882354,-0.48965528601078434,8.087531890823529,0.023651071600779998,-3.505758629999897e-06,0.0380085221672,0.1348182221892,-0.535295497194,-0.20197910728072,-0.9914344787858,-13.8054939266,9.70827575666,1007.6815035
123,5.56166944886,-0.46328060303089996,7.92434124754,0.02642185453372,-0.003935134103418,0.0357327980172,0.293119213273,-0.5162324151502,-0.33810605328160004,-1.295155639632,-13.6728402714,10.03889480614,1007.686615
124,5.54126986998,-0.5460285278466,7.937525830119999,0.027686996458039213,0.0019338949879921569,0.045567358095686274,0.25031162044488237,-0.612560591772549,-0.31331367226039214,-1.680859659201961,-13.488078996274512,10.397891549176471,1007.692719
125,5.212686632921568,-0.5339426017988235,8.16697257545098,0.026493335925,0.0017264973936799999,0.04274906545900001,-0.07714060871720001,-0.5493516540004,-0.07467753928660001,-2.15995384218,-13.1641465762,10.58765266442,1007.694016
126,5.1859327971799996,-0.627387341306,8.225224557479999,0.027440192451764708,0.002982915689615686,0.048378457188039216,-0.10332271971713726,-0.5950655795727647,-0.04541399402705881,-2.5890390733137254,-12.932080287058824,11.023782093960783,1007.694016
127,5.63893876652,-0.6238067871044,7.901720288080001,0.0300518421266,-0.00633482832472,0.0391299322434,0.312433233157,-0.49825496534,-0.36150924157200004,-3.2996311188200003,-12.096723480200001,11.5083487704,1007.693634
128,5.4099029899803925,-0.5748164277980392,8.035014630490197,0.01258189587848362,0.0018536986780240006,0.0476867555082,0.10903802379256,-0.42096032587198534,-0.20637507910242,-3.63773597718,-11.6436147312,11.398478927260001,1007.687454
129,5.0409712464,-0.5922404296764,8.28291459046,0.003078670729490196,0.00012676140271764743,0.03692170371254902,-0.24264326081392157,-0.24874914482352942,0.027535547438431375,-4.195218254509804,-10.97743636509804,11.610052295588234,1007.68158
130,5.248203950764706,-0.6920755273896078,8.15925626864706,0.01795033765916,-0.0030235728715400003,0.0252293669062,0.010836948819800003,-0.2050980866654,-0.11958819008079999,-4.71107032772,-10.40579460206,11.8518929292,1007.678833
131,5.49927320254,-0.44041415405084,8.04026019284,0.010818769922979801,0.005591819211864,0.01140354204967,0.24290592141175998,-0.022783604170800005,-0.23233251829219997,-5.03039291386,-10.19060211222,12.218981323000001,1007.673187
132,5.28295803226,-0.01771416320998,8.13510596018,-0.007271009992637255,0.0032690188976313727,-0.016274314725233333,0.013736084101960784,0.374211154961,-0.13137697250592156,-3.3584974700441177,-5.1735969242921565,12.014599669431373,1007.659073
133,4.977522717686274,0.05975515028460392,8.344529813921568,-0.015433341748860002,0.0052781276407538,-0.02260031633066,-0.23469436072028,0.40357174137376,0.045080407149745996,-2.4728452301000003,-9.52124450644,12.7698005678,1007.647858
134,5.0388546478,0.14368919677752,8.309580139140001,-0.015721060047240002,-0.0011085768412919996,-0.0269676940892,-0.1611106717592,0.44967186860627995,-0.0106643507154,-2.12532836906,-10.09743682868,12.108039246,1007.63298
135,5.1852651855600005,0.5086512542736,8.13744709168,-0.03090966204372549,-0.005969644396348432,-0.04955855676705882,-0.04333465534368627,0.7707133552607843,-0.14681718749217648,-1.8086151422568626,-10.619008007882353,12.024586921568627,1007.618027
136,5.4111973571960785,0.5320700252860785,8.17553418335294,-0.03484264962416,0.006510230340594,-0.0503761792192,0.1942184487782,0.796665398784,-0.134587935445346,-1.274159316979,-10.906520004019999,11.363758087399999,1007.600403
137,5.227498361179999,0.20382214965324,8.12613661188,-0.01908353918802941,0.0011299396405098042,-0.03207089870681765,0.0650739610927451,0.49295262298745096,-0.1951796228092157,-0.4106992085774902,-11.04807513354902,11.073876174686275,1007.592087
138,5.22913595578,0.0451131866444,8.116511627260001,-0.005939402375308,-0.004417713116388001,-0.01830384599972,0.014305458672960007,0.2791690858608,-0.1921558317606,-0.2865419006204,-11.5735579676,11.42401260434,1007.5872805
139,5.2181693491764705,0.03727836160266666,8.186575927745098,-0.01332886352476,0.0060325268003,-0.009925210568632,0.035907412182,0.213317717794,-0.11901372452907999,-0.2640664672508,-11.5815060424,10.78833908084,1007.582474
140,5.41664802244,-0.22184467163408,8.08172097472,-0.004442513922919608,-0.0010874457655745096,0.0005511750748843138,0.14271263700780393,0.04248990859235294,-0.20192792877484314,-0.2763891032817647,-11.327192717647058,10.62611905254902,1007.576141
141,5.331181398274509,-0.28001770019403727,8.052680834607843,-0.0023639473039840002,-0.00599312215982,0.00040834937237099994,0.08840576083900001,-0.0030748219461600003,-0.22696234188159997,-0.328949661224,-11.2105708308,10.71331588772,1007.567291
142,5.2073322967,-0.42694815674722797,8.15027840884,-0.000534123458956,0.0017322481150864005,0.008498704651732,-0.06822486784918,-0.06967309379048,-0.12399530667339999,-0.39423995976340004,-11.1286506648,10.73279693638,1007.560501
143,5.26363621212,-0.386945343024,8.16466648866,5.129338490784322e-05,0.002340251406254902,0.004228614549266667,0.0043548113123333355,-0.00930512570664706,-0.09403399344494119,-0.3924040701207843,-10.947017445431372,10.66449954464706,1007.55661
144,5.327697466803922,-0.42320816938058825,8.069536958607843,0.003373837229078,0.0018889840514418003,0.0049130975037116,0.0919031325466,-0.06556972980298,-0.19895624882416002,-0.45436225892804005,-10.99805831922,10.89580306974,1007.552185
145,5.221618588259999,-0.47783034668276003,8.14481477054,0.008924342710292,0.0007738221812279999,0.008198627061233999,-0.026200917258659997,-0.1221283214204,-0.12290967754134,-0.42615135193,-10.941810531860002,10.69475608786,1007.541809
146,5.2117900268,-0.4211971160822,8.1170385315,0.00656003307094902,-0.004542328088705883,0.006632611776239215,-0.0684758596927451,-0.05409067804045098,-0.14512519819352943,-0.4080189723509804,-10.596022811764705,11.176665363137255,1007.530975
147,5.191193093647059,-0.4199590436162745,8.17969611672549,0.000931416840878,-0.001210524700142,0.007585727181048,-0.14103542625659998,-0.057817044720399995,-0.06790689626116,-0.6186354827875999,-10.570422363719999,11.430109176400002,1007.521362
148,5.2772489044199995,-0.408539437868,8.03123695674,0.009147370683576472,-0.007444452439215687,0.0018601715655039218,-0.08631950960782352,-0.03168010190635294,-0.17843455005784314,-0.9770875818517647,-10.621861252019608,11.56001790372549,1007.508774
149,5.253173029254902,-0.36797596650529407,8.204520963745098,-0.0001800269308180001,0.007320658806593519,0.0037447450637060004,-0.033686323935479996,0.005175774762520003,-0.044663722878519996,-1.0912482452535999,-10.61979225202,10.961026611360001,1007.491684
150,5.1846664307,-0.167013693238944,8.154804995760001,-0.0009385061310956,-0.0034599000118,-0.007391871869998,-0.09713250800334,0.11221153759246,-0.09796434459976,-0.761949234052,-10.8170394903,11.09293075518,1007.479019
151,5.0965147431,-0.02065105590564,8.23911567082,-0.012965892300155293,0.0030692360711960785,-0.018131397631666667,-0.243695495927451,0.2654844524977725,-0.009090734956990195,-0.6414471046329411,-10.953155966137254,11.389312295392156,1007.479019
152,5.117895516803921,-0.19973758472362746,8.26403837327451,-0.00810205213038,-0.0005580687523399999,-0.0062042991680539995,-0.14619040174700001,0.13539423980949,0.004612728089359999,-0.5731495666678,-10.773274841160001,10.93807891854,1007.480545
153,5.55800207518,-0.24887246703660001,7.871534060799999,-0.0022335715334132,-0.008480536612094,-0.0047790561477964,0.21252364855226,0.0408175515914,-0.3596667839196,-0.4624770355796,-10.858049316399999,10.93376571716,1007.483292
154,5.380073080360001,-0.367153500365,7.996096032660001,-0.0011376812914176472,-0.004011291517160784,0.001456561228890196,-0.039350121827470594,0.007483210702549023,-0.17749915607339214,-0.6432483897668627,-11.101894154117646,11.390804515235294,1007.496567
155,5.229260989921569,-0.3416659725390196,8.025622397019607,0.0027176296247586,-0.009595991112114,0.0027588457336228,-0.20046989414794003,-0.034043332622739994,-0.1245436117942,-1.2269277190866001,-10.95817916858,10.72768272374,1007.5021365
156,5.359155578659999,-0.2644580566382,8.09619886774,0.0017857835356274508,0.001803135060392157,0.0005881212310843139,-0.06821354901380391,-0.017081344972509807,-0.05100075633447059,-0.44114744892117647,-11.332816030588235,11.224507275490195,1007.507706
157,5.50422490544,-0.25316254577606,7.86174142462,0.008617833130852,-0.0071108525618739996,-0.0031375210358396,0.017375586036740002,-0.027434364369232,-0.25609292467416,-0.64159034725318,-11.27353782628,12.263722382000001,1007.524948
158,5.618519170411765,-0.24880319932339215,7.847519235098039,-0.00341645362272,-0.0039372147066020005,0.0009433579679253999,0.0033301764222399997,0.053023236037519995,-0.196241702344802,-0.9799800110372,-11.377282944240001,12.6926586918,1007.541428
159,5.64533047486,-0.16662749634246002,7.9252842865,-0.004451258448639216,0.0027297214510754904,0.0018043470312037256,0.07183658702392157,0.02260422073258823,-0.15132114866884314,-3.8996292564666666,-15.825151331294117,13.139943964198038,1007.569199
160,5.518764845960784,-0.2397044731492745,7.995514418666667,0.00245081327132,0.0009405856024000002,-0.003179708179248,-0.0489291146664,0.0149451195786,-0.07385780643872,49.22016365074,-67.018024292,61.895788956400004,1007.601547
161,5.22060369876,-0.300712664792,8.3928938874,-0.0024745118944059998,0.01663940081442,-0.0007305773578867997,-0.32307555158948,0.0816138949762,0.2513787357334,42.4727590177,-74.0683650202,64.1106421668,1007.631073
162,5.4701737152600005,-0.2301553894142,8.00605332644,0.0015489245725766666,-0.0008014101599960786,-0.0019083537035215685,0.048964572403882356,-0.015043648714745101,-0.16296267986319607,58.05186544686274,-65.4790220072549,82.56817656862745,1007.655487
163,5.4948968326470595,-0.31139950022249024,8.178249125764706,0.004898278738704,0.012218644784630002,0.003955892724938,0.12821118425973999,-0.0933497508772,-0.024964617054399996,82.2558789058,-50.669234008800004,115.8402378876,1007.665787
164,5.242185818519999,-0.15879278869534,8.25960506292,-0.001277287890826,0.009118341971501999,-0.0051715613199462,-0.02692944524198,0.06038327326600001,-0.008163765543920004,72.0576517488,-68.4850033572,84.2135886416,1007.665787
165,5.3205388824,0.08362809446588,8.2300145965,-0.016527827217254903,0.009420682083190196,-0.02684413160464706,0.1177265787934706,0.4016521967574902,-0.10301836641630588,63.28813979196079,-71.90093485470588,96.71101648764706,1007.655334
166,5.455296828352941,-0.05085600908340195,8.075439390313726,-0.008557046693608,5.072075900000084e-05,-0.018176004817302,0.24564416081876,0.17210972989638,-0.25911282444086003,67.1608183292,-68.7390583798,89.32086166520001,1007.640076
167,5.6391273743,-0.33416210634186,7.9482615051200005,0.0012341533413117646,0.008919745611509804,0.011091028412811569,0.3295341694800588,-0.07646822710283528,-0.34534121124196077,46.79931154421568,-36.30623671641177,67.62639273882353,1007.617874
168,5.411381973259999,-0.35369648436846,8.008319613700001,0.0111528900402992,-0.00993751633092,0.0021404652714472,0.18802071592748,-0.1467129326626,-0.3024149880932,6.56450592032,-7.20837020878,5.920572433459999,1007.598419
169,5.5519487807058825,-0.3209238119652942,7.901548057980392,-0.0021560617024519,-0.005410697794468,0.0106062813936214,0.28574703208532,-0.09736728796368001,-0.4038682843904,4.282662124644,-8.30801948576,2.6698262787314,1007.575531
170,6.074688620000001,-0.39777681884640004,7.58205104364,-0.0008232409919172549,-0.003910379338333333,0.013227748196176472,0.7552134868584314,-0.09109658089214902,-0.6415324131521569,2.3922728744509802,-8.951292673862746,1.2614327972941177,1007.551651
171,5.865452728215686,-0.49597743314568626,7.741762686333333,0.009206803473296,0.00641558367729,0.00692513939465,0.4595632122654,-0.10282129554052,-0.4462228599372,2.014037017794,-8.40142349246,1.0089381408478,1007.538719
172,5.411331079079999,-0.3026256866492,7.99847009588,0.002722714836874,-0.00229827351916,-0.0020567131227640003,-0.04524798835102001,0.028401715674280004,-0.12404297317992001,4.1358552551,-7.7522029113999995,3.35937156679242,1007.525787
173,5.46192886048,-0.3371079803472,7.98063618162,-0.0030455279083063725,-0.0043031982442450975,0.0016905126646637257,-0.025675972346137256,0.009248647409254901,-0.13282736863191766,3.1891988118294115,-8.041041430372548,2.678118387853922,1007.504959
174,5.845972649078432,-0.3483784843917647,7.691886991607843,-0.004660276403162,0.0065776112391319995,0.002553817406354,0.30419643588872,0.01262028162718,-0.3915615677258,2.0891452789394,-8.57327125546,1.24697387697,1007.487259
175,6.08926830142,-0.403213513186,7.5998849579,0.005238224961432,-0.0074546048510859995,-0.00032746103607199996,0.5164431486004,-0.03646558739026,-0.4621646268476,1.8872492981280002,-8.579399566580001,1.2401293945596,1007.470932
176,5.74754990842,-0.31659463806313,7.795875393679999,0.008441086885398038,-0.0022623573672176473,0.0011897035781333334,0.13299700666862746,-0.017812663609666667,-0.23520244958745098,1.8803096098007648,-8.805538925549019,1.7196000790568626,1007.454834
177,5.0998829740392155,-0.2581073805878431,8.233757225431372,-0.0007404599781450001,0.01135286122525,-0.000911964755148,-0.508924085336,0.004469577295859998,0.20198156310800003,5.3557032013,-7.5922631836,5.657133483799999,1007.438202
178,3.7598513489,-0.30074859008946,9.13357164,0.0007436120538968627,0.00035550713816862744,-0.0030502070510784315,-1.6847333322313724,-0.037243540209686274,0.9601789982705882,5.802286634235294,-7.3850890515294125,5.492134767431372,1007.413788
179,2.92282495422,-0.18758691101498,9.516693933080001,-0.014352370826701998,-0.0038627753408599997,-0.008476721798077999,-2.41555851942,0.09694537700180002,1.346366871908,5.81397041328,-7.36610343934,5.585057754519999,1007.38266
180,2.7489012774313726,-0.2859083916109804,9.825535341529411,-0.0048131263581399995,0.02155698590274,-0.012502580397081998,-2.5070680526,0.05034768061139999,1.647782512412,6.1951877593599995,-7.05368202204,5.61580520632,1007.344818
181,3.4999528107,-0.16448994140526,9.12860796216,-0.0036190370619941176,-0.019621159954188238,-0.009363795790241177,-1.7063803437143725,0.08280499190970589,0.8059637416043137,5.656768200529411,-7.838551390411764,4.973191279960784,1007.307053
182,4.248975973705883,-0.26739101634647056,8.909801384313726,-0.003637309304738,0.004021736142344,-0.00402086662612,-0.9700276413708001,0.1121892129286,0.5233918978474,6.1456207275,-6.99959953316,5.253554458580001,1007.256165
183,3.5322047424800003,-0.0988843688952,8.979176705999999,-0.008327134809854,-0.023408801201398002,-0.006400442034936,-1.565502505178,0.14214440991492,0.5699801966302,4.5165412139,-4.117280120564,8.441137390204,1007.201233
184,3.72081552434,-0.2666973999034,9.21764281326,0.0037963561910000004,0.006860885367607843,-0.0036607328572784313,-1.3704159452470588,-0.05601884183019608,0.8529065990664705,7.523362851431373,-8.162005256149019,4.350957084992157,1007.156143
185,3.89234993427451,-0.3009359651401961,8.915166697764706,0.0045962658477819995,-0.01233799403571,0.001379179912904,-1.0859401897869398,-0.11887399178679998,0.4439799966508,6.54159774778,-9.65351089468,7.2473677062599995,1007.117615
186,4.63128818662,-0.3755390624966,8.38165525828,0.0043667116064,0.00020644965760199972,0.0020907212330068,-0.3523433334094,-0.11421404048639999,-0.062934903544,5.914503173860001,-9.682613677980001,7.37002334594,1007.080536
187,4.150943069499999,-0.5789570526251999,8.9986332458,0.005795483443401961,0.0037936654635647056,0.014074445222333334,-0.7636553414094118,-0.3380755664437255,0.5314348456790197,6.024822085509803,-9.488039727196078,7.550943636529412,1007.0764160000001
188,5.230141511803922,0.06605675192509804,8.33387549909804,-0.010522087030286,-0.0031133528240199996,-0.01186851714704,0.35722443699799994,0.3460426830047,-0.1901831332452,5.95444435126,-9.3325148772,7.579486083960001,1007.072296
189,5.68991376342,0.47344446715140004,7.98210612482,-0.015054751114476472,0.006576599607918647,-0.02984493107137255,0.8397413236078431,0.7200482162,-0.5514800525490197,6.539911008333333,-9.448703616058824,7.342378354529412,1007.072296
190,5.337761831901961,0.32726063448254905,8.25249179607843,-0.015573097844482799,0.0044926692913,-0.02096704678614,0.373573246147564,0.5436434054344,-0.23261054170776,6.79018600466,-9.8991885375,7.0546346283000005,1007.075272
191,5.14410677488,0.15479609985134,8.11140724184,-0.010404686811193999,0.0006151047725999997,-0.01455075981025,0.31480968193328,0.27632417389457997,-0.36308620054839996,7.2846559906,-9.68112037648,6.398664321899999,1007.080841
192,5.52882175606,0.11367361449946,7.948629739379999,-0.0090849247291,-0.0030801101935156857,-0.013464656836686273,0.5104370012803922,0.2892794941609592,-0.48015100384058823,7.36573320272549,-9.745091830705883,6.554938148058823,1007.089767
193,5.45079149127451,-0.0030965019707843134,8.083035359137256,-0.007082815878203999,0.007722581261912001,-0.007852088921126,0.41781459539160004,0.1398199691984,-0.3281510633846,7.28973579404,-9.85149299606,6.4394998169,1007.089767
194,5.27490477902,-0.07346423034614,8.12476246948,-0.0055045592085424,-0.00321362890271,-0.00736221608231,0.1709192941512,0.08775149943392,-0.2915066330434,7.816999511740001,-9.66908935526,6.640544662459999,1007.091675
195,5.26212136232,-0.039514828490500004,8.13549215708,-0.005765730250420588,-0.0003675060240196079,-0.009595622158070588,0.1514871178717451,0.13064606089005884,-0.23068189839335293,7.876465666529412,-9.64088941117647,6.254349353215686,1007.086716
196,5.23980964209804,-0.11206402049843137,8.13826462682353,-0.006651199334827,0.00140181379456,-0.003925477597354,0.12859356877218,0.027468944993599996,-0.20769943835479998,7.82345840454,-9.68919898986,6.16167755132,1007.080994
197,5.235195355219999,-0.3009731231712,8.1540745148,-0.0010736063053511766,0.0025126702037862746,0.0004478058614607843,0.1313555212564706,-0.11929438856074509,-0.20633197135814507,7.9624762442156864,-9.485784493117647,6.207530526549019,1007.063751
198,5.21263127746,-0.4233676025387,8.1252235107,0.0019318766822481997,-0.004961279331434,0.00417784336023,0.012858904306360004,-0.20116113078088,-0.237387260805362,7.77535125742,-9.6878539274,5.9656012726,1007.055969
199,5.426653451352942,-0.31955606796960784,8.062431146941176,0.0023649268621676,0.00010273108279200007,-0.0007400381986218,0.25992366954156,-0.1185824660587,-0.25465406523972,7.71727470398,-9.646539840980001,5.9346759032800005,1007.047119
200,5.392676870719999,-0.27391838378848,8.0861397857,0.003370806072588235,0.005786374923231373,-0.0027845650730568628,0.1542748983085098,-0.09793456030382353,-0.23323437998294116,7.787320754215687,-9.86900793347059,6.075175565823529,1007.030716
201,5.089921336470589,-0.3770600173064706,8.190919835705882,0.0008938981197308598,0.0016516604086,0.006434907540234001,-0.0773082366968878,-0.20054927192438002,-0.07858367814721999,7.6230862426199995,-9.887088088939999,5.65535743718,1007.017441
202,5.15733027656,-0.4316783203164,8.28728550114,0.003757057506436,0.0027558688260196002,0.006199884083892,-0.06313993030164,-0.21652750571234003,-0.04561874860996,7.633065490620001,-9.83435317994,6.09928741454,1007.011108
203,5.265908486880001,-0.31875913697612,8.063018866,0.0012219102763431373,-0.003051427157243137,0.0022634779990072336,0.08040802044294118,-0.1343974230597059,-0.23679183746372548,7.574530657647058,-9.670407912529411,5.911350848686275,1006.999283
204,5.267927641058823,-1.4455615863019609,7.9789224512941175,0.019845967385924,-0.0067918880843697805,0.0519416496904,0.01131985866882,-1.1446679336,-0.29955979265062,6.99713317866,-9.385383300800001,6.26811767586,1006.9976045000001
205,5.18462751164,-2.27431354064,7.86392089228,0.044779562726800004,-0.01181151484952,0.0739588747918,-0.09436978047007999,-1.89970649508,-0.37170456372386,6.11837799076,-9.11363281256,6.756242218060001,1006.995926
206,5.256576892099999,-2.4714745422199997,8.068344790600001,0.04913369087764706,-0.003060427165888235,0.07810876240862745,-0.06493941780192157,-2.069550414882353,-0.1574115282292157,5.221043754980393,-8.554802913333333,7.820120942313726,1006.995926
207,5.096742445980392,-2.4736266551764707,7.919184911431373,0.0536481966822,-0.009558056024732,0.0731175447256,-0.27052021594158,-2.09877986366,-0.309790981646,4.2274968719,-8.04662261958,9.07627052318,1007.015076
208,5.33278341982,-2.28292962338,8.01471730964,0.049737945016274515,-0.005888212308411765,0.06816121972431373,-0.09040979746280392,-1.8897093170235295,-0.1702936666112549,3.5642050200980395,-7.574448679058824,9.793006149215687,1007.050247
209,5.34499203186,-2.37110226742,7.997856372039999,0.049239523150600005,-0.00248440459382,0.0725539980824,-0.016955907976444,-2.03006922962,-0.21134772669316,2.87945594788,-6.860213088939999,10.02919158936,1007.093582
210,5.344157355784314,-2.6057313537058824,8.138041561392157,0.0525222214312,0.005383732290849961,0.08104900732720001,0.0276496117145,-2.24893703396,-0.07602899454612,2.28211547854,-5.95413879394,10.924568099800002,1007.129669
211,5.261109466540001,-2.56311098332,8.11115576476,0.05311463378803921,-0.004578861754528235,0.07755493942470588,-0.04741196467537255,-2.129349359137255,-0.14512478544615687,1.6375946344254901,-4.831920848254902,11.556754991960783,1007.150192
212,5.338108170372549,-2.5150963009019605,8.040873036058823,0.05235136307800001,0.0020119822020599996,0.0762907730042,0.09871729055696,-2.10112582504,-0.21301944566540001,1.0627423095374,-3.9984934997800003,12.0553134156,1007.150192
213,5.4958273681800005,-2.35032846678,7.85571495668,0.04651277914659999,-0.003960195296018,0.0723894888162,0.27916578036974005,-1.86419648606,-0.4498519928144,0.6489735412431,-3.10913772578,12.494585419,1007.148209
214,5.68023489074,-2.3039309509,7.74165514524,0.047715744112941175,-0.006252659612610981,0.06957078308705883,0.46847053705921565,-1.7446513132156862,-0.5568645012056862,0.21965924429196076,-1.9982787487843137,13.132591770980392,1007.133713
215,5.649581047607843,-2.1694268889411763,7.7445656810196075,0.0462218429144,-0.005711075999482,0.06746365502479999,0.472529576716,-1.60025024192,-0.5774847938998601,-0.1811738586184,-0.9991186523400001,13.787340012,1007.133713
216,5.500509631380001,-2.2380768951,7.88716455688,0.049018102810000005,-0.0013417156322,0.0717659827324,0.3743393190938,-1.55795535774,-0.42395956296279996,-0.24134170532926,-0.09585746762861999,13.980715408200002,1007.136536
217,5.3830249420200005,-2.32167205812,7.985471127319999,0.051186458153333336,-0.005467901161601961,0.07332829254470588,0.26283328372135295,-1.6197284513333334,-0.3819007895656863,-0.37830786611833334,1.1489190493954902,14.447728249803921,1007.142105
218,5.417833557156862,-2.2146622331960786,7.977017588901961,0.047629052251399996,0.0009005916115600002,0.0734684649858,0.362665212713,-1.479253956202,-0.40518213035758,-0.40504333494272005,2.36525085444,14.681803359800002,1007.159119
219,5.3318583434599995,-2.2123813293,7.9012712219,0.045749246708823535,-0.005756102484313725,0.07024250822294117,0.33882908694372543,-1.3220690237254902,-0.4871493184225294,-0.4235251931058823,3.593525755647059,14.813228906666668,1007.159119
220,5.360132957882352,-1.753741311492157,8.056276298941176,0.0469022127612,0.0014810014519040004,0.0473748174308,0.4001454674354,-0.9109652976099799,-0.36861792384,-0.26177078244019997,4.70239067074,14.8343478388,1007.1572115
221,5.26744129942,-0.3590792907738,8.13723453366,0.01549559378972,-6.925050209999922e-05,-0.0053009025749000006,0.31878329766018004,0.39147257314100004,-0.32836631108752,-0.1680253601198,4.67164100652,14.937954635199999,1007.155304
222,5.266854519580001,0.0443198364344,8.10997921138,-0.021968981451960783,-0.0026142415870215683,0.00030787181396666656,0.3187436604171765,0.7278965314421765,-0.3236322537394118,-0.2618420170903922,4.518498514235294,14.937230951568628,1007.138824
223,5.353564264588235,-0.8151137857049019,8.089774286568627,0.015708697438214,0.004695245754019999,0.0192312698348,0.4162967400778,-0.023742679090858,-0.31151655346606,-0.2441883850144,4.8628779602600005,15.028566284200002,1007.137375
224,5.349198284939999,-0.7796896270617999,7.98324974662,0.016448003216486,-0.0010559213446199999,0.01814482383388,0.40559372755761997,-0.0514195461365,-0.443123730406,-0.32513839722466004,5.20066406244,15.066920776,1007.135162
225,5.45051958622,-0.43217528686522,8.13065421752,0.009126551495233334,0.006127282320823529,0.004073446557429411,0.45799130622058826,0.2801923141073333,-0.26774714616369016,-0.3862870160264706,5.163556641254902,15.060913908039215,1007.135162
226,5.36533977727451,-0.17575510361686275,8.128185586411766,-0.0107529441341,-0.0004610215135519996,0.00013706663171999986,0.382090224447956,0.581638031671,-0.32874814597466,-0.1525169372534,5.220319366480001,14.9835173036,1007.145157
227,5.3541529815599995,-0.12564571839336,8.20653143008,-0.0003926025011664707,0.005368986579098038,-0.007980323063286275,0.3710078510066667,0.5612591080078824,-0.25714083582637254,-0.24518645042431372,5.218159245470588,15.051321216666665,1007.145157
228,5.3288346313199995,0.013010943600400005,8.03300927132,-0.00473909679846,-0.0022023914562199994,-0.013706501713620001,0.3423362799176,0.702458493265,-0.36944981888663997,-0.33437072754459995,5.08751014708,14.947404632,1007.139511
229,5.320113238196078,0.9984560528411764,8.176799199705883,-0.03602069040772,0.0006521082855919996,-0.0524940318236,0.29238321254416,1.6481932821819998,-0.21942560834864,-0.4211578369238,4.51233390806,14.8245166778,1007.130203
230,5.2583671692200005,1.098311050428,8.23728946838,-0.03665061388192157,0.004984628655431374,-0.056673658317058825,0.21748333391058824,1.774088097098039,-0.1477857959659804,-0.48145638259627455,3.5859171549607844,14.532733768039215,1007.10495
231,5.205874328627451,1.2141927202509804,8.17468594717647,-0.0420570119848,0.00032696980076600004,-0.0605986769494,0.141765626547598,1.91599343478,-0.20592830504559997,-0.49868820190288,2.4482254028,14.445475997399999,1007.076721
232,5.22597453004,1.020625598184,8.18488943482,-0.031796039994,0.0017751909799,-0.053664552345,0.13301128052538,1.6954709575000002,-0.1621790983868,-0.4869866943052,1.48738349914,14.397797775399999,1007.059784
233,5.19901559142,0.9849457946939999,8.18208726192,-0.031173517170078432,0.001922082138137255,-0.05099688002921569,0.06899913963415687,1.6519128089411765,-0.1398610187339412,-0.3227506151411765,0.5440090403829412,14.095214768627452,1007.045059
234,5.188850905470588,0.838004419627451,8.240575399960784,-0.03138776537,0.0053090265768500015,-0.0430184269688,0.06868571029548,1.4882185621819999,-0.13131759942326401,-0.20423431396702,-0.28446426389519996,13.7591867832,1007.020721
235,5.16453329776,0.621576425186,8.19408032224,-0.02352485002972,-0.0018905014540419993,-0.0333345720178,0.0011841547271399981,1.262780456382,-0.10728823281896,-0.09353591918884,-1.02480346678634,14.089830093799998,1007.018051
236,5.13854733578,0.680841183466,8.15280216062,-0.026553313686358822,0.002341667281352941,-0.03662111617509804,-0.0743186154091608,1.305855866982353,-0.14277649778354903,0.6305524042004705,0.5238045336627452,13.901397854219608,1007.015076
237,5.1794674772156855,0.7866934742450981,8.091321070039216,-0.0326544431786,-0.0066615556740400005,-0.0405305587874,-0.06555770720436,1.459544652806,-0.15458040775694,1.1319937133798,-1.060809021012,15.1088120266,1007.01458
238,5.1957793213,0.7520301452884,8.01821703186,-0.02718964693901961,-0.0047925979118176466,-0.042395802105490196,-0.1318944740300392,1.3723229271843138,-0.17969463649762743,0.17733330821980392,-2.8549147213333335,14.235102634313726,1007.014084
239,5.17812802738,0.49045509339059995,8.42299928292,-0.02246036393572,0.00698495121702,-0.0310986950806,-0.19698807603072,1.106023330574,0.180157415410544,0.4460691070774,-3.4567166137800003,13.6730677034,1007.014084
240,5.105908678901961,-0.12972141939137255,8.276659186862744,-0.008092395770358,-0.0003082517909640005,-0.0059001660023248,-0.159562539551,0.4413811066458,0.0317981644423,0.49788078305039996,-3.3405243682999997,13.1900970456,1007.033691
241,5.0489496551399995,-0.15698155516856,8.03734725038,-0.005375508166537843,-0.007673569991186274,-0.004920303958438823,-0.2549464675193529,0.345316520410049,-0.17004638671482353,0.6563031065756862,-3.4914375754117644,13.56028081862745,1007.050247
242,5.309485338960785,-0.3617477417037255,8.231761375882353,0.00040426165821200004,0.0014632808884199999,0.0021138262982,-0.0035110892779999974,0.12772101508998002,-0.024090914407,0.4885491943268,-3.4759741211599997,13.343044433600001,1007.06459
243,5.42145003664,-0.4052852050752,8.12447207334,0.0036176198304994,0.00391901355296,0.00222343607787,0.17468278434284,0.0477538820638,-0.12858610772360002,0.8751626587084,-3.5754077148200003,13.3073578642,1007.087479
244,5.4055321381,0.21014500122076002,8.07319769906,-0.011433054246280392,0.004497521201717646,-0.021292813172682355,0.11416381295895293,0.6460783044541176,-0.1576243668764353,0.7958950715941177,-3.6547413245490192,13.186327018039215,1007.104568
245,5.3446797987843135,0.16992898379803922,8.08449409037255,-0.018833597658218,-0.00399077579404,-0.01170277564808,0.04390916308039999,0.5240937018362,-0.20074698200059998,1.0403793334714,-4.15838661194,13.4434584812,1007.125854
246,5.35225492854,-1.110528643814,8.0574085327,0.0356388859803624,0.0005120283268640002,0.021733151595142,0.06000906207612,-0.7613091937172,-0.1822144892708,0.90330276490148,-3.86273986816,13.05029129,1007.140732
247,5.36052373352,-0.5223836975024,8.107269845460001,0.01930225289222157,-0.0033455062127843143,0.00024303073470784318,-0.009501461757058828,-0.17911889035333334,-0.2089675178137255,0.8791895847549019,-3.8774011649607845,13.21042640490196,1007.151108
248,5.244608486411765,-0.24292718326680393,7.981044508921568,-0.014068437395380001,-0.0007521876117199999,0.0138494680542,-0.027560804211979997,-0.034540926123819995,-0.2360599545388,1.0330314636218,-3.7022415161,13.9944068146,1007.151108
249,5.38362669072,-0.1773482025148,8.23609495234,-0.005373241914056863,0.0047141503288235295,-0.0025662467677766664,0.03882245074690196,0.10540032393664706,-0.012354948834705884,0.8297548480857824,-3.6135446884901965,13.557009602941175,1007.148819
250,5.2171273983529405,-0.3453905801160784,8.137146364117648,-0.0020005962556564,0.0014725447051799996,0.004963754978938,-0.018644806051,-0.034743977057,-0.1039194179824,0.77988220212944,-3.7174412536799997,13.413438491199999,1007.146912
251,5.2168524994,-1.340058334364,8.15506246032,0.024289270862976,-0.001061935183222,0.03833479566466,-0.0536687741176,-0.957439860026,-0.11490392714434,0.63884567264362,-3.01210998528,13.252132416,1007.146912
252,5.220465985140001,-1.553065383926,8.13457007452,0.026850695711980392,-0.0017011029936666664,0.04664967888392157,-0.08045485549570196,-1.1676872389039215,-0.12327401572176472,0.550252727437804,-2.494970359,13.268289379803921,1007.147369
253,5.31657060517647,-2.156829555784314,7.945298255431373,0.0450784282384,-0.007774443589324001,0.0689079549902,0.01386827405592,-1.765122936248,-0.31090530892352,0.250359649664,-1.6187641906882002,13.8220195012,1007.1536255000001
254,5.35565286254,-2.67707200012,7.90962085882,0.0579724343868,-0.00457057288852,0.0871312738946,0.11870997337616,-2.2900213019,-0.308021929949,-0.22091079713202,-0.2637678527964,14.0665738684,1007.159882
255,5.3581915832,-2.66847986754,7.907627004999999,0.05651059702941177,-0.007756289149184313,0.08834597672862746,-0.019957120276784313,-2.3023232574313726,-0.33813505684941175,-0.6001136630319216,1.2424092012172547,14.675182716470589,1007.159882
256,5.384617336529412,-2.7304220580588234,7.981062119470589,0.0664680384842,-0.006203978313041799,0.0861903131006,0.07726714246074,-2.35759015018,-0.272004519937,-0.5149093628003399,2.62798751838,14.7902973936,1007.155304
257,5.36991520382,-2.7528683807,7.96162870784,0.05575734289235294,-0.0027786352961098044,0.09494129378254902,0.09587993649450981,-2.384661802098039,-0.27456936783323527,-0.4928032369896079,4.207609887235294,15.43962478627451,1007.155075
258,5.35922443546,-2.6819578399800004,7.91049504094,0.0628444070364,-0.00399037983254,0.08484688162779999,0.06846919960035999,-2.24011638928,-0.3315745496766,-0.22451522826474002,5.69818862912,15.52115837,1007.152786
259,5.350397320960784,-2.735620072352941,7.962312873392157,0.0650912471114,-0.00432019393892,0.0902816209198,0.10931702953030399,-2.31464306756,-0.2872864402414,0.058321380621979994,7.22244323728,15.4901245126,1007.150269
260,5.4119028899199995,-2.69421135868,8.04507118832,0.06157502714627452,-0.0008951226706058827,0.08963814903862746,0.12911041974913726,-2.243569695117647,-0.23754900601652942,0.4583553239417647,8.684414882137254,15.287120070588236,1007.147293
261,5.374464919176471,-2.496147469901961,7.9802432340980385,0.056542731597399996,0.0010433538071199999,0.085777904391,0.18221597445760002,-1.9823999911,-0.3094076849686,1.1547188568212001,9.87379348804,14.9149238588,1007.134933
262,5.40440348506,-2.3984294402399997,7.909959155280001,0.0511571178208,-0.004517265650658,0.082637459636,0.2495118834632,-1.74904423054,-0.40538176600118,1.682621917674,11.346873627279999,14.857403641000001,1007.13089
263,5.3790851348399995,-2.79142819518,7.950414028920001,0.06472904593078431,-0.0035396629998568625,0.09443565589980392,0.32855285767313724,-2.040123548254902,-0.4485818177337255,2.4494857039803923,12.606160556078432,14.507145003137254,1007.13028
264,5.3145776905882345,-2.31475702627451,7.951963806078432,0.0520020022614,-0.0052984019742380005,0.0774567033358,0.3516123028308,-1.470756213752,-0.4311385755246,3.2790328978999996,13.5746703334,13.9302426912,1007.13089
265,5.29456489564,-0.82459025576228,8.13610588074,0.013712264034069999,0.00045976871688899955,0.015872518178858,0.38085964282992,0.10178498402068,-0.32522937344734,3.6723706817800004,14.1085717006,13.752468261199999,1007.145615
266,5.238123266600001,-0.4030578369072,8.28533356014,-1.1275810354705894e-05,0.005241428867494118,0.0018487379372254904,0.3184935027589608,0.5100270311964706,-0.14681581167411764,3.2916792327509805,14.013776293137257,13.005199807098037,1007.174683
267,5.359091007,-0.40764347749470586,8.113445650000001,0.003273068987726,7.872082120199936e-05,0.001390483868486,0.40589614554760006,0.44537978645416,-0.32699821465300405,3.40643966676,13.8408089444,12.705797806400001,1007.192535
268,5.632163855,-0.26874813537282,7.94349841004,0.00014492963642352946,0.004264223444207843,-0.003322118441619608,0.6804885931686274,0.5017034881929412,-0.4605436273078431,3.174589119745098,13.596438912745098,12.494086321568627,1007.199707
269,5.77373046562,0.2182431610091,7.828983545060001,-0.0017622295628420001,-0.0013200656228850001,-0.03043269631442,0.7254524451259999,0.9386024635139999,-0.5665398820540001,0.6944096374718,12.553083495700001,9.954150543214,1007.215576
270,6.001273229352941,1.3879871952529412,7.746250412941177,-0.04775584425754,0.00596593830768,-0.062115426659799994,0.964323740928,1.9671930788399998,-0.6333641312596,-1.2215791320408,10.962181930900002,8.29371345528,1007.2158815
271,5.75492357482,0.9305908264420001,7.9818606353999995,-0.04155471481756862,0.008099635405039217,-0.050717540303529415,0.6845806925078431,1.7038308902745098,-0.4005811416364118,-1.5563945396435293,10.508566164137255,8.984022327529411,1007.216187
272,6.369158208470589,0.08841907276552942,7.370490632941176,-0.0088720612619588,-0.0029211786759199996,-0.014876983323699999,1.286538091212,0.7832087197586,-0.9844523365012,-1.826118927012,9.76906730618,8.93109329226,1007.231674
273,6.86864956972,-0.9403116118920001,6.89735687258,0.013147215125842,-0.008963857637318001,0.035952139124400005,1.62941553096,-0.16356553753580003,-1.363836796958,-1.986667938294,10.1886466984,9.15592002848,1007.255249
274,6.93630587774,-0.8041457702626,7.0221733154,0.03845415776623529,-0.0017783625207313726,0.02131783559107196,1.7118796041980393,-0.06754334344626275,-1.2427718466635294,-1.5617711684431372,10.314503463529412,9.110730563686275,1007.279282
275,6.865575902568628,0.7088435992082353,6.998889851372549,-0.032257022457386,-0.00425364131112,-0.057244217843,1.5004022256740002,1.213477481028,-1.22031416392,-2.18473098756,9.572734603919999,9.05902900686,1007.317047
276,7.62730493774,0.21200413513394,6.55736888128,-0.026895839758800003,-0.00215002398937,-0.030639524245585997,2.18690509264,0.785419058587,-1.5905460129,-2.173660583408,8.94378471386,9.849777679579999,1007.347717
277,5.53020787354,-2.4083298522388,7.8876525421,0.08980580748450981,-0.003191986833098039,0.18277093357435295,0.04062413842317648,-1.7087578280209803,-0.21721179380313727,0.8674370260705883,11.303278305862746,12.776203978431374,1007.363358
278,5.569653140803921,-4.913453010176471,7.647869702490197,0.31446704923999996,-0.027273713704182,0.449407306314,0.20240046933748002,-4.1583355229,-0.5490192733736,5.775123443579999,15.9256991576,11.76601425164,1007.363358
279,4.9995733337,-4.44229719544,7.929379769900001,0.28015453792156864,-0.03685096556256863,0.4252927659745098,-0.3381839326927451,-3.737821306980392,-0.2721481390052941,11.12389433572549,17.62694160627451,7.503568088352941,1007.359238
280,4.57372089838,-2.5578389464963998,8.63203658778,0.157333670781,-0.015590422211182,0.22337115719980002,-0.8296367654124001,-1.8701316452482002,0.40011832467360003,15.4178456874,16.8219584658,4.255660781874,1007.337418
281,4.540264353980392,-0.5335639774292019,8.321011074294118,0.03215211574026,-0.02808836110214,0.0198734833995,-0.5026269264652,0.14406265113414,-0.06577330572748,16.566204070599998,15.519608535,3.086092605582,1007.324524
282,5.9083185882,-0.5274671264586,8.03406607356,-0.022670021495333332,0.02902271805811961,0.021941316432529414,0.744660053672745,0.433313334631549,-0.2196103675064706,17.08333924235294,16.072284698039216,3.6046224108431373,1007.323685
283,5.820053019784313,0.23157432107509804,7.8760628195294125,-0.013574601295622,0.0006820923283352195,-0.0655331763628,0.8204712080400001,1.1209697477878,-0.5685057159564,17.3461045834,15.9184857938,3.68278289792,1007.323685
284,5.877599468900001,1.5853562348060002,7.79732737426,-0.0816237281648,0.004486888408639998,-0.1589111290914,0.8344915681608001,2.341048593504,-0.5492587870524,16.018351593,16.0868774414,4.72354591364,1007.33902
285,5.1326525939600005,1.1870614929,8.20019061578,-0.08392582781386668,3.661362332352918e-05,-0.1527815370535294,-0.017633895380792155,2.020030763988235,-0.1287861171112549,14.001711752156861,16.967440062745098,6.738990035705883,1007.362442
286,5.459655411666667,-1.146556899104804,8.023969950862744,0.059676252426541995,-0.00250409241806,0.09025149647156,0.2941281269462,-0.49982160049,-0.2834240970334,13.319114685199999,16.4352053056,7.0461895751600006,1007.3727799999999
287,5.77163781738,-1.290610162316,7.77863424676,0.089380814134,0.0036796625983979998,0.1225175862022,0.6645162602176,-0.695707751202,-0.5539593870994,14.2623837276,15.871875380799999,4.75333045958,1007.383118
288,5.867678100540001,-0.67102160338898,7.818418514979999,0.05670546648980392,0.008456904714082156,0.07639604098392157,0.852829817135294,-0.1527638817665294,-0.5753969531132941,14.220735737117646,14.264829224215687,1.4619494419215686,1007.404556
289,6.43919785445098,-0.303474803244,7.491415638627451,0.02194328688998,0.014765061959702,0.0463606976722,1.49086828782,0.17738253297740003,-0.9802213964880001,13.6238565822,13.2603235628,-0.724834899887,1007.423935
290,6.5005889556800005,-0.026836193852020004,7.28264665828,0.00812364003484902,-0.007101275884882353,0.018191411995817648,1.5612649194921568,0.4250088351988235,-1.1919143585686274,14.380924823333334,12.857397939215685,-0.8344755733935295,1007.441025
291,5.837035351941176,-0.4201762390088235,7.7119922414509805,0.018285322152400002,-0.005572429417092,0.040645536290774,0.5947978380934,0.0810046154554,-0.5677149852714,13.6560609442,12.9861928558,-0.77794174191398,1007.445221
292,5.66188904112,-1.645989147976,7.864456778,0.1788822601698,0.005128683673320001,0.252312077874,0.55818140422,-1.1653465938860001,-0.48494798686336,15.6574550636,11.960157623479999,-2.09449943543,1007.445221
293,5.44293036802,-1.89080804442,8.00440675054,0.2570794145843137,0.0001756447895764705,0.40276109061568627,0.40874494388971766,-1.663432980390196,-0.4229630449278431,21.085740631764708,8.324931125862745,-0.7495919021962746,1007.432556
294,5.210784705607843,-1.4018994409509804,8.095342120039215,0.19990227699199997,-0.02109665051085,0.329741268152,0.207421847631,-1.259769519636,-0.367204289286148,21.7334528352,2.369384994488,-1.7262820434928,1007.415237
295,4.6353806762800005,-0.6470983520512,8.57261315924,0.072782328423,0.0004583625401119999,0.1313358097345,-0.39175799910268,-0.4318678073678,0.1683638153352,20.419872208,-0.8422419738854,-1.198680648768,1007.39502
296,4.77542944334,-0.21888083496020003,8.449509155340001,0.007530901704107844,-0.00305577866022549,-0.006366071487635686,-0.24483579469237257,-0.018395167038358824,0.02708079457627451,20.43902213862745,-1.9128597483921568,-1.1837164187203921,1007.379456
297,5.574431439568627,-0.32223578957882354,7.920643642686274,0.0021420064547100002,-0.00413103431429,0.01454037271464738,0.5218579158818,-0.15453372249959998,-0.49435081249682,18.247895584200002,-2.8312937164800003,-3.540693893452,1007.373886
298,6.026189474520001,-0.4027734283534,7.92337126476,0.012289399683029412,0.012184535519766667,0.00921890515775098,0.8716467417980392,-0.14689355384290195,-0.40919404446470586,16.61892363607843,-4.328033970862745,-4.428195354931373,1007.369843
299,4.72729853212,-0.29641659850166,7.886957986400001,0.011725800158301401,0.0065745105461199995,0.011776656155018,-0.3919554011492,-0.141198537253,-0.4431089485912,20.4277208708,-1.75665573118578,-1.1397480010926,1007.364807
300,4.544009507117647,-0.4195187826667255,8.959298454686275,0.010079074106598,-0.0014732939382399999,0.03089613565226,-0.556397921652778,-0.21948702458459998,0.52531522249968,20.869205399,-3.3422373962,-0.5516185760272,1007.358246
301,4.19561317756,-0.6354465819562001,8.479506774919999,0.04046314015398039,-0.020874407743923528,0.05181046507694118,-0.8829855133752941,-0.505250445005549,0.1379098143295098,19.693115981960784,-3.4529634363137256,-0.6574754153860589,1007.357178
302,4.747122425627451,-0.8563779763664706,8.705986983156862,0.03998493073508,-0.0012023097294800006,0.061757367326,-0.41215311070399996,-0.60188081199502,0.36222411046840003,19.237013245,-3.7823249817,-0.3192222594982,1007.351685
303,5.6130156738200006,-0.40098913879000003,7.9207008178,0.020676920793447802,-0.0008904792554999997,0.019015412787078002,0.45032254163700003,-0.23449642315474,-0.41232550998260004,18.9809234622,-4.61325248714,-0.04537559508519999,1007.351685
304,5.7776313538199995,-0.29087811584722,7.7864569793800005,0.001266552603096529,-0.002115128689421569,0.01143783655549353,0.5200240501815686,-0.0887947001202157,-0.49254950870843134,17.81037199772549,-5.483811097999999,-0.5143473755481176,1007.351685
305,6.151675172666667,-0.2645762813764902,7.560337021843138,-0.0006090883866799999,0.0043318328079519994,-0.0009043704764339999,0.7788003357300001,-0.027897045048413997,-0.654234317436,14.9759652708,-6.543951110839999,-4.29364013674,1007.360916
306,6.132384640520001,-0.21086650085498002,7.5229299865799995,-0.006918173609554001,0.00047526950905599994,-0.002545673297796,0.6341407467574001,0.006900819592880002,-0.616469127878,15.0989231866,-6.46405975342,-4.112896270714,1007.375565
307,5.6655743774600005,-0.15001803588872,8.15242793882,-0.009460337367647058,-0.04441001470860589,-0.00675689992867647,0.2982567479346,-0.03164463417064706,-0.021768301059607836,19.412012735705883,-4.2621456221176475,2.104189555021765,1007.383652
308,4.146671070803921,-0.2992189474503921,8.667273370980391,-0.0005832605240500003,0.08202380480277399,-0.005402311002666,-1.2204407912928001,-0.09320114351839999,0.4995409531392,19.0125563814,-4.26031784054,-1.7799753570319399,1007.385864
309,4.19107760924,-0.6488137848037999,8.632722162,0.016487624724431372,-0.038518515224443134,0.03439339422470588,-1.033822054019804,-0.354820135792353,0.4279729966654902,19.04893082254902,-4.551653170058824,-0.6737950642717646,1007.385864
310,4.58262737728,-0.22234463197060003,8.6644531769,0.005336281894829999,0.010577276033759998,-0.006893868409528,-0.8537930048539999,-0.0018856020561999962,0.4735044478996,18.4885861972,-4.77810646054,-0.36104301452119997,1007.385254
311,4.95302659872549,-0.17273784861962746,8.34075824517647,-0.001470247555816,3.7768791614000325e-05,-0.009114449382200001,-0.38387853687882,0.021328329027800002,0.09510049531742,18.6443488314,-4.92668769832,-0.36108406066094,1007.385254
312,5.60277397158,-0.1373124572719,7.87626123048,-0.004458687030391176,-0.0009049684288235292,-0.009318599449694117,0.24422631993156863,0.05871748591243137,-0.32366604146156863,18.69614335647059,-4.886754952196078,-0.30000140622,1007.388611
313,5.559019371509804,-0.1290639630434706,7.981364431960785,-0.0054832990586136,0.0013657694866999997,-0.009824874778634,0.14505171496143998,0.05759773502215999,-0.20992795257219998,18.7306320954,-5.13176750182,-0.8284262847844001,1007.405548
314,5.69818855598,-0.088163662722828,7.839243209799999,-0.0009875079056739999,0.0003814949097500002,-0.012195300469432,0.21703175825677998,0.03803557429102001,-0.32853933019560005,18.786960144,-4.95735374456,-0.6986966705048,1007.424927
315,5.843665036,-0.059621017453,7.71442377318,-0.007259740727156863,-0.010715225053660786,-0.010804779010541176,0.36885461957176474,0.04808889999888235,-0.4275544391701961,17.339073256078432,-5.829285490764706,-2.0051161074577846,1007.442398
316,6.2546375319607845,-0.03841129976256863,7.4800657115490194,-0.01055245149836,-0.0013855173158799998,-0.01150567666155,0.6866291317440001,0.053590468381720005,-0.590373004422,15.13920044,-6.38537406916,-4.52409164432,1007.45491
317,6.07129667358,-0.11715537414186,7.86585487054,-0.014720546328676,0.01420917056609,-0.01848560926446,0.4220145100554,0.040579245747980004,-0.17034998585019998,16.42596817,-5.137949676560001,-3.1825583648258204,1007.459488
318,4.78473708798,-0.1835243591064,7.92796371454,-0.01431663115219647,0.003203406418411761,-0.008516501251785097,-0.7878787163313725,-0.01566040941117647,-0.05359315955901959,19.353030035941178,-2.506399117278706,-0.30705216357490195,1007.459488
319,4.532647839666667,-0.2316594381917647,8.898847692294117,-0.008179802887439181,-0.0016717401904939994,-0.00965008032528,-0.9994135252898001,0.01246862311778,0.7889862205086,19.2321088412,-3.3721669006000003,-1.0986865997522,1007.4574660000001
320,4.58700726928,-0.1676962737997,8.58279498592,-0.0036146360510460785,-0.002652909113901961,-0.014840795672647058,-0.8843515605078431,0.03377427037019608,0.4404774163435294,19.468899071960784,-3.4039186215686272,-0.8400089787617647,1007.455444
321,5.09222536872549,0.0031933593736666707,8.245336088352941,-0.00234529968597558,-0.003851610478594001,-0.02203617902446,-0.3486738079944,0.04848740846229999,0.09926510451272,19.3307659914,-3.55615333556,-1.0250456237598,1007.448196
322,5.5253759216,0.07813751220899999,7.94939015818,-0.015044129546466,-0.00448221410566,-0.0183759065296,0.07545882085812,0.10042061897926001,-0.21475509807016,19.3935324092,-3.6691389466200004,-0.93204696653712,1007.444611
323,5.43943962706,0.0966659820548,7.99341660466,-0.014796255854743139,-0.0014764944497058828,-0.02846924409117647,-0.03336048635196079,0.10831873143065883,-0.1353363859299804,19.55972230137255,-3.2079495449019606,-0.8504247478397255,1007.444611
324,5.671573549176471,0.14284119549803923,7.8809144951372545,-0.01408221301655,0.00131782027001,-0.0271863483266,0.17593185485256002,0.0956369566108,-0.22924718817860001,19.6209703822,-2.75123260504,-1.0683135223358,1007.451019
325,6.00552344966,0.021612057500546004,7.6771153565,-0.010398712505402,0.006961813420478,-0.0106858608594342,0.47298691084798,-0.042695677995728,-0.42971399500319996,16.8606439972,-3.7534754180200003,-4.7156463622774,1007.451019
326,6.178012756319999,-0.0315064819402,7.55749610598,-0.008177604439247059,-0.002171843586527451,-0.007399463291341176,0.5722274412117647,-0.06236309282462745,-0.5016655013425491,16.013101615490196,-4.022555407411764,-5.598683749921569,1007.431335
327,6.064981922784314,-0.06238204057862745,7.763197524058823,0.002900340407896,0.04567732895798,-0.008567229118267999,0.4682588640046,-0.06681764874996,-0.272433600295658,15.9480907434,-4.38654945378,-6.32846221934,1007.389145
328,5.1073552001,-0.0234711914021,7.907357565160001,-0.0038257517405686273,-0.0337367030427098,-0.004462641449903921,-0.546706156412804,-0.10654989181160784,-0.10249710433196078,19.074315838039215,-0.892030005381196,-1.2295963811029411,1007.342224
329,5.219310388159999,-0.020228933719144006,8.32849480578,-0.010992326729896,-0.005537059941462,-0.00471203722504,-0.33634065023658005,-0.07452199578864,0.244464075763146,19.585783386,-2.51556678778,-1.8609870910800002,1007.294617
330,5.596987475235294,-0.16900150074176473,7.952665288607843,-0.012698918781186,0.002314926293174,-0.0030119057517504,0.02684805201058,-0.1297352058882,-0.1143730467424,18.7803693392,-2.02522659304,-2.7069844055599996,1007.243042
331,5.8421531799,-1.2883887817639998,7.85146379702,0.10940617458078432,0.02605571016147843,0.16211002791862744,0.3997554918662745,-1.1680138947058822,-0.30880793399788237,17.00047474392157,-3.6630515304509808,-5.819010042686275,1007.230606
332,5.912161479333333,-0.9501271416176471,7.69075111845098,0.18647473633,-0.015036680884174002,0.24357919574200002,0.5225204755835999,-0.97026810882,-0.51655230442,15.5287916566,-7.98288696294,-4.79104843142,1007.230606
333,5.738742224159999,-0.320294943236,7.75663299868,0.132190225714,-0.005808274345499488,0.18820974200399998,0.27431874264600004,-0.483852431356,-0.38353228815839996,13.0737072758,-11.07023071322,-2.99020553596,1007.235107
334,5.62769714358,-0.42124801026048,7.937253396579999,0.1448154147,-0.008225677662966863,0.2310018159509804,0.05988499287096079,-0.5929657194052942,-0.13804517163405214,10.284466014058824,-13.46854251,-1.1643958746760785,1007.239761
335,5.03646778782353,-0.5056132776430197,8.249609554529412,0.15867064104,0.03558490354654,0.262716934384,-0.45144979126240004,-0.48419604489039997,0.13707765650940001,10.947808609119999,-12.585170441,5.30213302612,1007.240791
336,4.79905631104,-0.37822747192298,8.39662113646,0.1354256421312,-0.037772556748386,0.20187446653799998,-0.6479017010192,-0.2609380138117,0.2095497780634,7.45010574336,-12.409562988600001,8.0118341828,1007.241821
337,5.532794494679999,-0.053774176028800004,7.9685592956599995,0.056038170240274514,-0.00479420542786647,0.06470828501631373,-0.10782095979380392,0.09150573783319609,-0.06719849530311764,5.817597033980392,-11.908341650784314,10.651500103980391,1007.244568
338,5.259184058647058,-0.08202061372841175,8.150612478862746,0.00611071590816,0.03626704627716,0.02929388239044,-0.22498647416104,0.061368497139039996,0.0348381435417,5.2320425415,-11.9599423222,10.590520629719999,1007.248764
339,4.41274265444,-0.1840722198494,8.76118202816,0.019006181613532354,-0.009195038500996079,0.041542106143333334,-0.9178561520441176,0.003413096625254903,0.5009386695192157,5.771583856254902,-10.919929953058823,9.81163660662745,1007.249146
340,5.54790407408,0.56997872318232,7.91117163386,-0.02030668949008,-0.027807495873380002,-0.04430113967528,0.10030737068460001,0.7679632421836,-0.28408779109559995,4.6629866028,-11.998547516599999,9.99585083012,1007.251053
341,6.150019791450981,2.112377875788235,7.468695238843138,-0.28027836502,0.01576294265712,-0.457279644008,0.6552056919743321,2.0252173744679998,-0.59939632237062,6.05296012888,-13.700140914999999,6.459868393135,1007.251968
